line_id,route_id,line_name,route_name,direction
r10831465,r10524210,Vypin ↔ Fort Kochi (Ro Ro),Ro Ro: Vypin → Fort Kochi,unknown
r10831465,r10524211,Vypin ↔ Fort Kochi (Ro Ro),Ro Ro: Fort Kochi → Vypin,unknown
r10831516,r10525436,High Court ↔ Nedungad (via Vypin),High Court → Nedungad (via Vypin),forward
r10831516,r10525435,High Court ↔ Nedungad (via Vypin),Nedungad → High Court,unknown
r10831517,r10524079,Manjanakad ↔ High Court,Manjanakad → High Court,forward
r10831517,r10524080,Manjanakad ↔ High Court,High Court → Manjanakad,backward
r10831518,r10523910,North Paravur ↔ High Court (via Vypin),High Court → Vypin → North Paravur,unknown
r10831518,r10519399,North Paravur ↔ High Court (via Vypin),North Paravur → Vypin → High Court,unknown
r12759113,r10592288,Munambam ↔ High Court (via Vypin),High Court → Munambam (via Vypin),unknown
r12759113,r10592287,Munambam ↔ High Court (via Vypin),Munambam → High Court (via Vypin),forward
r12759289,r12740709,North Paravur ↔ Ernakulam Boat Jetty,Ernakulam Boat Jetty → North Paravur,backward
r12759289,r12759262,North Paravur ↔ Ernakulam Boat Jetty,North Paravur → Ernakulam Boat Jetty,forward
r13374892,r12376735,North Paravur ↔ Kottuvally South (via Athani),Kottuvally South → North Paravur,unknown
r13374892,r12376660,North Paravur ↔ Kottuvally South (via Athani),North Paravur → Kottuvally South,unknown
r13374893,r10528761,North Paravur ↔ Munambam,Munambam → North Paravur,backward
r13374893,r10528762,North Paravur ↔ Munambam,North Paravur → Munambam,forward
r13478965,r13479120,North Paravur ↔ Ezhikkara,Ezhikkara → North Paravur,backward
r13478965,r13478964,North Paravur ↔ Ezhikkara,North Paravur → Ezhikkara,forward
r13489073,r13489398,Fort Kochi ↔ Edakochi,Fort Kochi → Edakochi,forward
r13489073,r13489072,Fort Kochi ↔ Edakochi,Edakochi → Fort Kochi,backward
r13497147,r13497146,High Court ↔ Panambukad (Vallarpadam),High Court → Panambukad (Vallarpadam),forward
r13497147,r13497384,High Court ↔ Panambukad (Vallarpadam),Panambukad (Vallarpadam) → High Court,backward
r13498566,r13498565,Ernakulam ↔ Vypin,Ernakulam → Vypin,forward
r13498566,r13498564,Ernakulam ↔ Vypin,Vypin → Ernakulam,backward
r13498742,r13498741,Ernakulam ↔ Fort Kochi,Ernakulam → Fort Kochi,forward
r13498742,r13498740,Ernakulam ↔ Fort Kochi,Fort Kochi → Ernakulam,backward
r13498857,r13498856,Ernakulam ↔ Fort Kochi via Wellington Island,Ernakulam → Fort Kochi via Wellington Island,forward
r13498857,r13498855,Ernakulam ↔ Fort Kochi via Wellington Island,Fort Kochi → Ernakulam via Wellington Island,unknown
r13500567,r13500566,"Vyttila Mobility Hub ↔ Vyttila Mobility Hub (clockwise, via Kadavanthra and Palarivattam bypass)",Vyttila Mobility Hub → Vyttila Mobility Hub,unknown
r13500673,r13500672,"Vyttila Mobility Hub ↔ Vyttila Mobility Hub (anti-clockwise, via Thamannam and Kadavanthara)",Vyttila Mobility Hub → Thamannam → Palarivattom → Vyttila Mobility Hub,unknown
r13500936,r13500934,Fort Kochi ↔ Kumbalangi,Fort Kochi → Kumbalangi,forward
r13500936,r13500935,Fort Kochi ↔ Kumbalangi,Kumbalangi → Fort Kochi,backward
r13510567,r13510566,Aluva ↔ Fort Kochi via Menaka,Aluva → Fort Kochi,unknown
r13510567,r13531007,Aluva ↔ Fort Kochi via Menaka,Fort Kochi → Aluva,unknown
r13526775,r13526774,Aluva ↔ North Paravur,Aluva → North Paravur,forward
r13526775,r13526773,Aluva ↔ North Paravur,North Paravur → Aluva,backward
r13531471,r13531470,Aluva ↔ Perumbavoor (via Rajagiri),Aluva → Perumbavoor,unknown
r13531471,r13531469,Aluva ↔ Perumbavoor (via Rajagiri),Perumbavoor → Aluva,unknown
r13531919,r13531918,Ankamaly ↔ Perumbavoor,Ankamaly → Perumbavoor,forward
r13531919,r13531917,Ankamaly ↔ Perumbavoor,Perumbavoor → Ankamaly,backward
r13531974,r13531973,Ankamaly ↔ Kalady,Ankamaly → Kalady,forward
r13531974,r13531972,Ankamaly ↔ Kalady,Kalady → Ankamaly,backward
r13534968,r13534966,Aluva ↔ Perumpadappu,Aluva → Perumpadappu,forward
r13534968,r13538006,Aluva ↔ Perumpadappu,Perumpadappu → Aluva,backward
r13535512,r13535511,Fort Kochi ↔ Wellington Island,Fort Kochi → Wellington Island,forward
r13535512,r13535510,Fort Kochi ↔ Wellington Island,Wellington Island → Fort Kochi,backward
r13539090,r13539089,Aluva ↔ Wellington Island,Aluva → Wellington Island,forward
r13539090,r13539088,Aluva ↔ Wellington Island,Wellington Island → Aluva,backward
r13544303,r13544302,Aluva ↔ Chellanam (via Menaka),Aluva → Chellanam,unknown
r13544303,r13544301,Aluva ↔ Chellanam (via Menaka),Chellanam → Aluva,unknown
r13544888,r13544887,Fort Kochi ↔ Kakkanad (via Menaka),Fort Kochi → Kakkanad,unknown
r13544888,r13544886,Fort Kochi ↔ Kakkanad (via Menaka),Kakkanad → Fort Kochi,unknown
r13545124,r13545123,Aluva ↔ Thoppumpady via Menaka,Aluva → Thoppumpady,unknown
r13545124,r13545122,Aluva ↔ Thoppumpady via Menaka,Thoppumpady → Aluva,unknown
r13546166,r13546165,Mattancherry ↔ Edakochi,Mattancherry → Edakochi,forward
r13546166,r13546164,Mattancherry ↔ Edakochi,Edakochi → Mattancherry,backward
r13546546,r13546545,Kakkanad ↔ Thevara,Kakkanad → Thevara,forward
r13546546,r13546544,Kakkanad ↔ Thevara,Thevara → Kakkanad,backward
r13548914,r13548913,Kaloor ↔ North Paravur,Kaloor → SNDP Junction → North Paravur,forward
r13548914,r13548912,Kaloor ↔ North Paravur,North Paravur → Kaloor,backward
r13548914,r13549125,Kaloor ↔ North Paravur,Kaloor → Chettibhagam → North Paravur,forward
r13549451,r13549450,Aluva ↔ Fort Kochi via Padma,Aluva → Fort Kochi,unknown
r13549451,r13549449,Aluva ↔ Fort Kochi via Padma,Fort Kochi → Aluva,unknown
r13551368,r13551367,Ankamaly ↔ North Paravur,Ankamaly → North Paravur,forward
r13551368,r13551366,Ankamaly ↔ North Paravur,North Paravur → Ankamaly,backward
r13551491,r13551490,Cheranellore ↔ Mattancherry (via Chittoor),Cheranellore → Mattancherry,unknown
r13551491,r13551489,Cheranellore ↔ Mattancherry (via Chittoor),Mattancherry → Cheranellore,unknown
r13552378,r13552377,Chittortemple ↔ Mattancherry,Chittortemple → Mattancherry,forward
r13552378,r13552376,Chittortemple ↔ Mattancherry,Mattancherry → Chittortemple,backward
r13553060,r13553059,Aluva ↔ Mattancherry via Padma,Aluva → Mattancherry,unknown
r13553060,r13553058,Aluva ↔ Mattancherry via Padma,Mattancherry → Aluva,unknown
r13553068,r13553067,North Paravur ↔ Vyttila (via Koonammavu),North Paravur → Vyttila,unknown
r13553068,r13553066,North Paravur ↔ Vyttila (via Koonammavu),Vyttila Mobility Hub → North Paravur,unknown
r13553738,r13553737,Aluva ↔ Cochinshipyard,Aluva → Cochinshipyard,forward
r13553738,r13553736,Aluva ↔ Cochinshipyard,Cochinshipyard → Aluva,backward
r13555115,r13555114,Aluva ↔ Elavoor,Aluva → Elavoor,forward
r13555115,r13555113,Aluva ↔ Elavoor,Elavoor → Aluva,backward
r13556486,r13556485,Aluva ↔ Thevara,Aluva → Thevara,forward
r13556486,r13556484,Aluva ↔ Thevara,Thevara → Aluva,backward
r13557270,r13557269,Chittortemple ↔ Kumbalangi,Chittortemple → Kumbalangi,forward
r13557270,r13557268,Chittortemple ↔ Kumbalangi,Kumbalangi → Chittoor Temple,unknown
r13561115,r13561114,Kakkanad ↔ Perumpadappu (via Menaka),Kakkanad → Perumpadappu,unknown
r13561115,r13561113,Kakkanad ↔ Perumpadappu (via Menaka),Perumpadappu → Kakkanad,unknown
r13561410,r13561409,Aluva ↔ Varapuzha (via Kodungalloor),Aluva → Varapuzha,unknown
r13561410,r13561408,Aluva ↔ Varapuzha (via Kodungalloor),Varapuzha → Aluva,unknown
r13561807,r13561806,Cheranellore ↔ Thevara,Cheranellore → Thevara,forward
r13561807,r13561805,Cheranellore ↔ Thevara,Thevara → Cheranellore,backward
r13562297,r13562295,Mattancherry ↔ Kumbalangi,Kumbalangi → Mattancherry,backward
r13562297,r13562296,Mattancherry ↔ Kumbalangi,Mattancherry → Kumbalangi,forward
r13562583,r13562582,Aluva ↔ Ernakulam South,Aluva → Ernakulam South,forward
r13562583,r13562581,Aluva ↔ Ernakulam South,Ernakulam South → Aluva,backward
r13562613,r13562612,Aluva ↔ Thevara (via NAD and Padma),Aluva → Thevara,unknown
r13562613,r13562611,Aluva ↔ Thevara (via NAD and Padma),Thevara → Aluva,unknown
r13562704,r13562702,Fort Kochi ↔ Perumpadappu,Fort Kochi → Perumpadappu,forward
r13562704,r13562703,Fort Kochi ↔ Perumpadappu,Perumpadappu → Fort Kochi,backward
r13562782,r13562780,Aluva ↔ Mattancherry via Menaka,Aluva → Mattancherry,unknown
r13562782,r13562781,Aluva ↔ Mattancherry via Menaka,Mattancherry → Aluva,unknown
r13563616,r13563615,Cheranellore ↔ Fort Kochi (via Menaka),Cheranellore → Fort Kochi,unknown
r13563616,r13563614,Cheranellore ↔ Fort Kochi (via Menaka),Fort Kochi → Cheranellore,unknown
r13563806,r13563804,Aluva ↔ Konthuruthy,Aluva → Konthuruthy,forward
r13563806,r13563805,Aluva ↔ Konthuruthy,Konthuruthy → Aluva,backward
r13568407,r13568406,Chittoor Temple ↔ Edakochi,Chittoor Temple → Edakochi,forward
r13568407,r13568405,Chittoor Temple ↔ Edakochi,Edakochi → Chittoor Temple,backward
r13570055,r13570053,Chellanam ↔ Vyttila,Chellanam → Vyttila,forward
r13570055,r13570054,Chellanam ↔ Vyttila,Vyttila → Chellanam,backward
r13570067,r13570066,Aluva ↔ Kumbalangi,Aluva → Kumbalangi,forward
r13570067,r13570065,Aluva ↔ Kumbalangi,Kumbalangi → Aluva,backward
r13570075,r13570073,Wellington Island ↔ Kumbalangi,Kumbalangi → Wellington Island,backward
r13570075,r13570074,Wellington Island ↔ Kumbalangi,Wellington Island → Kumbalangi,forward
r13570706,r13570705,Eloor ↔ Fort Kochi,Eloor → Fort Kochi,forward
r13570706,r13570704,Eloor ↔ Fort Kochi,Fort Kochi → Eloor,backward
r13571046,r13571045,Chittortemple ↔ Panangad,Chittortemple → Panangad,forward
r13571046,r13571044,Chittortemple ↔ Panangad,Panangad → Chittortemple,backward
r13571066,r13571064,Cheranellore ↔ Panangad,Cheranellore → Panangad,forward
r13571066,r13571065,Cheranellore ↔ Panangad,Panangad → Cheranellore,backward
r13571179,r13571177,Puthukkalavattom ↔ Thevara,Puthukkalavattom → Thevara,forward
r13571179,r13571178,Puthukkalavattom ↔ Thevara,Thevara → Puthukkalavattom,backward
r13571525,r13571524,Aluva ↔ Ankamaly,Aluva → Ankamaly,forward
r13571525,r13571523,Aluva ↔ Ankamaly,Ankamaly → Aluva,backward
r13573162,r13573160,Aluva ↔ Panangad,Panangad → Aluva,backward
r13573162,r13573159,Aluva ↔ Panangad,Aluva → Panangad,forward
r13574912,r13574910,Edakochi ↔ Kakkanad,Edakochi → Kakkanad,forward
r13574912,r13574911,Edakochi ↔ Kakkanad,Kakkanad → Edakochi,backward
r13575127,r13575126,Kakkanad ↔ Panangad,Kakkanad → Panangad,forward
r13575127,r13575125,Kakkanad ↔ Panangad,Panangad → Kakkanad,backward
r13575547,r13575546,Eloor ↔ Mattancherry,Eloor → Mattancherry,forward
r13575547,r13575545,Eloor ↔ Mattancherry,Mattancherry → Eloor,backward
r13577501,r13577500,Kaloor ↔ Poothotta,Kaloor → Poothotta,forward
r13577501,r13577499,Kaloor ↔ Poothotta,Poothotta → Kaloor,backward
r13586170,r13718236,Kaloor ↔ Poothotta (via Kathrikadvu Road),Kaloor → Poothotta,unknown
r13586170,r13586168,Kaloor ↔ Poothotta (via Kathrikadvu Road),Poothotta → Kaloor,unknown
r13589067,r13589065,Aluva ↔ Poothotta,Aluva → Poothotta,forward
r13589067,r13589064,Aluva ↔ Poothotta,Poothotta → Aluva,backward
r13590426,r13590425,Aluva ↔ Chottanikara,Aluva → Chottanikara,forward
r13590426,r13590424,Aluva ↔ Chottanikara,Chottanikara → Aluva,backward
r13590488,r13590487,Aluva ↔ Eloor,Aluva → Eloor,forward
r13590488,r13590486,Aluva ↔ Eloor,Eloor → Aluva,backward
r13594889,r13594888,Aluva ↔ Wellington Island (via NAD and Padma),Aluva → Wellington Island (via NAD and Padma),forward
r13594889,r13594887,Aluva ↔ Wellington Island (via NAD and Padma),Wellington Island → Aluva (via NAD and Padma),unknown
r13595088,r13595086,Aluva ↔ Thoppumpady via Padma,Aluva → Thoppumpady,unknown
r13595088,r13595087,Aluva ↔ Thoppumpady via Padma,Thoppumpady → Aluva,unknown
r13600778,r13600776,Edakochi ↔ Ponekkara,Edakochi → Ponekkara,forward
r13600778,r13600777,Edakochi ↔ Ponekkara,Ponekkara → Edakochi,backward
r13601640,r13601639,Aluva ↔ Kalamassery,Aluva → Kalamassery,forward
r13601640,r13601638,Aluva ↔ Kalamassery,Kalamassery → Aluva,backward
r13606652,r13606650,Kumbalangi ↔ Ponekkara,Kumbalangi → Ponekkara,forward
r13606652,r13606651,Kumbalangi ↔ Ponekkara,Ponekkara → Kumbalangi,backward
r13606821,r13606820,Mattancherry ↔ Ponekkara,Mattancherry → Ponekkara,forward
r13606821,r13606819,Mattancherry ↔ Ponekkara,Ponekkara → Mattancherry,backward
r13606906,r13606905,Thrippoonithura ↔ Vyttila Mobility Hub,Thrippoonithura → Vyttila Mobility Hub,forward
r13606906,r13606904,Thrippoonithura ↔ Vyttila Mobility Hub,Vyttila Mobility Hub → Thrippoonithura,backward
r13606972,r13606970,Aluva ↔ Keezhmadu,Aluva → Keezhmadu,forward
r13606972,r13606971,Aluva ↔ Keezhmadu,Keezhmadu → Aluva,backward
r13609456,r13609455,High Court ↔ Njarakkal (via Vypin and Light House),High Court → Njarakkal,unknown
r13609456,r13609454,High Court ↔ Njarakkal (via Vypin and Light House),Njarakkal → High Court,unknown
r13610212,r13610211,High Court ↔ Poothotta,High Court → Poothotta,forward
r13610212,r13610210,High Court ↔ Poothotta,Poothotta → High Court,backward
r13610332,r13610330,Kakkanad ↔ Konthuruthy,Kakkanad → Konthuruthy,forward
r13610332,r13610331,Kakkanad ↔ Konthuruthy,Konthuruthy → Kakkanad,backward
r13610565,r13610564,Cheranelloor ↔ Perumpadappu,Cheranelloor → Perumpadappu,forward
r13610565,r13610563,Cheranelloor ↔ Perumpadappu,Perumpadappu → Cheranelloor,backward
r13610651,r13610650,Cheranelloor ↔ Kadavanthra,Cheranelloor → Kadavanthra,forward
r13610651,r13610649,Cheranelloor ↔ Kadavanthra,Kadavanthra → Cheranelloor,backward
r13610769,r13610768,Cheranelloor ↔ High Court,Cheranelloor → High Court,forward
r13610769,r13610767,Cheranelloor ↔ High Court,High Court → Cheranelloor,backward
r13611748,r3093531,Chellanam ↔ Cheranellore,Chellanam → Cheranellore,forward
r13611748,r13611747,Chellanam ↔ Cheranellore,Cheranellore → Chellanam,backward
r13612020,r13612019,Aluva ↔ Kalady (via Puthiyedam),Aluva → Kalady,unknown
r13612020,r13612018,Aluva ↔ Kalady (via Puthiyedam),Kalady → Aluva,unknown
r13612174,r13612173,Eloor ↔ Ernakulam Jetty,Eloor → Ernakulam Jetty,forward
r13612174,r13612172,Eloor ↔ Ernakulam Jetty,Ernakulam Jetty → Eloor,backward
r13616539,r13616538,Kadamakkudy ↔ Vyttila Mobility Hub,Kadamakkudy → Vyttila Mobility Hub,forward
r13616539,r13616537,Kadamakkudy ↔ Vyttila Mobility Hub,Vyttila Mobility Hub → Kadamakkudy,backward
r13616622,r13616621,High Court ↔ Mulavukad,High Court → Mulavukad,forward
r13616622,r13616620,High Court ↔ Mulavukad,Mulavukad → High Court,backward
r13617326,r13617325,Chittoor Temple ↔ Chottanikara,Chittoor Temple → Chottanikara,forward
r13617326,r13617324,Chittoor Temple ↔ Chottanikara,Chottanikara → Chittoor Temple,backward
r13617406,r13617404,Perumpadappu ↔ Amritha Hospital,Amritha Hospital → Perumpadappu,backward
r13617406,r13617405,Perumpadappu ↔ Amritha Hospital,Perumpadappu → Amritha Hospital,forward
r13619058,r13619057,Chittoor Ferry ↔ Fort Kochi,Chittoor Ferry → Fort Kochi,forward
r13619058,r13619056,Chittoor Ferry ↔ Fort Kochi,Fort Kochi → Chittoor Ferry,backward
r13619115,r13619114,Aluva ↔ Thevara (via Menaka),Aluva → Thevara,unknown
r13619115,r13619113,Aluva ↔ Thevara (via Menaka),Thevara → Aluva,unknown
r13626159,r13626157,High Court ↔ Pukkad,High Court → Pukkad,forward
r13626159,r13626158,High Court ↔ Pukkad,Pukkad → High Court,backward
r13626314,r13626312,Chittoor Ferry ↔ Mattancherry,Chittoor Ferry → Mattancherry,forward
r13626314,r13626313,Chittoor Ferry ↔ Mattancherry,Mattancherry → Chittoor Ferry,backward
r13626336,r13626335,Fort Kochi ↔ Kaloor,Fort Kochi → Kaloor,forward
r13626336,r13626334,Fort Kochi ↔ Kaloor,Kaloor → Fort Kochi,backward
r13626947,r13626945,Chittoor Ferry ↔ Thevara,Thevara → Chittoor Ferry,backward
r13626947,r13626946,Chittoor Ferry ↔ Thevara,Chittoor Ferry → Thevara,forward
r13627018,r13627016,Fort Kochi ↔ Ponekkara,Fort Kochi → Ponekkara,forward
r13627018,r13627017,Fort Kochi ↔ Ponekkara,Ponekkara → Fort Kochi,backward
r13627037,r13627035,Chellanam ↔ Kaloor,Chellanam → Kaloor,forward
r13627037,r13627036,Chellanam ↔ Kaloor,Kaloor → Chellanam,backward
r13627109,r13627107,Chittoor Temple ↔ Perumpadappu,Perumpadappu → Chittoor Temple,backward
r13627109,r13627108,Chittoor Temple ↔ Perumpadappu,Chittoor Temple → Perumpadappu,forward
r13627138,r13627137,Cheranelloor ↔ Edakochi,Cheranelloor → Edakochi,forward
r13627138,r13627136,Cheranelloor ↔ Edakochi,Edakochi → Cheranelloor,backward
r13628936,r13628935,High Court ↔ Thrippoonithura,High Court → Thrippoonithura,forward
r13628936,r13628934,High Court ↔ Thrippoonithura,Thrippoonithura → High Court,backward
r13629035,r13629033,Chittoor Ferry ↔ Thrippoonithura,Chittoor Ferry → Thrippoonithura,forward
r13629035,r13629034,Chittoor Ferry ↔ Thrippoonithura,Thrippoonithura → Chittoor Ferry,backward
r13629056,r13629054,Fort Kochi ↔ Palluruthy,Fort Kochi → Palluruthy,forward
r13629056,r13629055,Fort Kochi ↔ Palluruthy,Palluruthy → Fort Kochi,backward
r13629057,r10403637,North Paravur ↔ High Court,High Court → North Paravur,backward
r13629057,r10523911,North Paravur ↔ High Court,North Paravur → High Court,forward
r13629058,r13546063,Munambam ↔ High Court,Munambam → High Court,forward
r13629058,r13546062,Munambam ↔ High Court,High Court → Munambam,backward
r13629393,r13629392,Aluva ↔ Thrippoonithura,Aluva → Thrippoonithura,forward
r13629393,r13629391,Aluva ↔ Thrippoonithura,Thrippoonithura → Aluva,backward
r13635071,r13635070,Cheranellore ↔ Fort Kochi (via Padma),Cheranellore → Fort Kochi,unknown
r13635071,r13635069,Cheranellore ↔ Fort Kochi (via Padma),Fort Kochi → Cheranellore,unknown
r13637600,r13637599,North Paravur ↔ Vyttila (via Kottuvalli),North Paravur → Vyttila,unknown
r13637600,r13637598,North Paravur ↔ Vyttila (via Kottuvalli),Vyttila → North Paravur,unknown
r13637925,r13637923,North Paravur ↔ Kadamakkudy,Kadamakkudy → North Paravur,backward
r13637925,r13637924,North Paravur ↔ Kadamakkudy,North Paravur → Kadamakkudy,forward
r13638090,r13638088,North Paravur ↔ Kottayil Kovilakam,Kottayil Kovilakam → North Paravur,backward
r13638090,r13638089,North Paravur ↔ Kottayil Kovilakam,North Paravur → Kottayil Kovilakam,forward
r13638179,r13638177,High Court ↔ Appangad,Appangad → High Court,backward
r13638179,r13638178,High Court ↔ Appangad,High Court → Appangad,forward
r13641243,r13641242,Cheranelloor ↔ Mundamveli,Cheranelloor → Mundamveli,forward
r13641243,r13641241,Cheranelloor ↔ Mundamveli,Mundamveli → Cheranelloor,backward
r13641520,r13641519,Aluva ↔ Thrippoonithura,Aluva → Thrippoonithura,forward
r13641520,r13641518,Aluva ↔ Thrippoonithura,Thrippoonithura → Aluva,backward
r13641805,r13641803,Aluva ↔ Perumbavoor (via Kizhakambalam and Kadalikunnu),Perumbavoor → Aluva,unknown
r13641805,r13641804,Aluva ↔ Perumbavoor (via Kizhakambalam and Kadalikunnu),Aluva → Perumbavoor,unknown
r13641967,r13641965,Kaloor ↔ Kumbalangi,Kumbalangi → Kaloor,backward
r13641967,r13641966,Kaloor ↔ Kumbalangi,Kaloor → Kumbalangi,forward
r13642113,r13642112,Kakkanad ↔ Ernakulam South,Kakkanad → Ernakulam South,forward
r13642113,r13642111,Kakkanad ↔ Ernakulam South,Ernakulam South → Kakkanad,backward
r13642226,r13642225,Ponekkara ↔ Ernakulam Boat Jetty,Ponekkara → Ernakulam Boat Jetty,forward
r13642226,r13642224,Ponekkara ↔ Ernakulam Boat Jetty,Ernakulam Boat Jetty → Ponekkara,backward
r13642293,r13642291,Kaloor ↔ Panangad,Panangad → Kaloor,backward
r13642293,r13642292,Kaloor ↔ Panangad,Kaloor → Panangad,forward
r13642446,r13642445,Aluva ↔ Karimugal,Aluva → Karimugal,forward
r13642446,r13642444,Aluva ↔ Karimugal,Karimugal → Aluva,backward
r13642666,r13642665,Aluva ↔ Edayar,Aluva → Edayar,forward
r13642666,r13642664,Aluva ↔ Edayar,Edayar → Aluva,backward
r13642737,r13642735,Vyttila ↔ Varapuzha,Varapuzha → Vyttila,backward
r13642737,r13642736,Vyttila ↔ Varapuzha,Vyttila → Varapuzha,forward
r13644289,r13644288,Cheranelloor ↔ Thevara Ferry (via Chittor and Menaka),Cheranelloor → Thevara Ferry,unknown
r13644289,r13644287,Cheranelloor ↔ Thevara Ferry (via Chittor and Menaka),Thevara Ferry → Cheranelloor,unknown
r13644321,r13644319,Chittoor ↔ Thevara Ferry,Thevara Ferry → Chittoor,backward
r13644321,r13644320,Chittoor ↔ Thevara Ferry,Chittoor → Thevara Ferry,forward
r13644432,r13644431,Ponekkara ↔ Thevara Ferry,Ponekkara → Thevara Ferry,forward
r13644432,r13644430,Ponekkara ↔ Thevara Ferry,Thevara Ferry → Ponekkara,backward
r13644659,r13644658,Kakkanad ↔ Perumbavoor,Kakkanad → Perumbavoor,forward
r13644659,r13644657,Kakkanad ↔ Perumbavoor,Perumbavoor → Kakkanad,backward
r13644836,r13644835,Kakkanad ↔ Thrippoonithura,Kakkanad → Thrippoonithura,forward
r13644836,r13644834,Kakkanad ↔ Thrippoonithura,Thrippoonithura → Kakkanad,backward
r13645172,r13645170,Thrippoonithura ↔ Infopark,Infopark → Thrippoonithura,backward
r13645172,r13645171,Thrippoonithura ↔ Infopark,Thrippoonithura → Infopark,forward
r13645287,r13645286,Aluva ↔ Puthencruz (via Pazhamthottam),Aluva → Puthencruz,unknown
r13645287,r13645285,Aluva ↔ Puthencruz (via Pazhamthottam),Puthencruz → Aluva,unknown
r13645363,r13645362,Aluva ↔ Puthencruz (via Poothanamparambu),Aluva → Puthencruz,unknown
r13645363,r13645361,Aluva ↔ Puthencruz (via Poothanamparambu),Puthencruz → Aluva,unknown
r13645795,r13645794,North Paravur ↔ Kottuvally South (via Kalikulangara),North Paravur → Kottuvally South,unknown
r13645795,r13645793,North Paravur ↔ Kottuvally South (via Kalikulangara),Kottuvally South → North Paravur,unknown
r13646546,r13646545,Aluva ↔ Cochinshipyard,Aluva → Cochinshipyard,forward
r13646546,r13646544,Aluva ↔ Cochinshipyard,Cochinshipyard → Aluva,backward
r13648803,r13648802,Chittoor ↔ Kochu Kadavanthara,Chittoor → Kochu Kadavanthara,forward
r13648803,r13648801,Chittoor ↔ Kochu Kadavanthara,Kochu Kadavanthara → Chittoor,backward
r13648844,r13648842,Thrippoonithura ↔ Perumbavoor (via Kizhakkambalam),Perumbavoor → Thrippoonithura,unknown
r13648844,r13648843,Thrippoonithura ↔ Perumbavoor (via Kizhakkambalam),Thrippoonithura → Perumbavoor,unknown
r13649197,r13649196,Mattancherry ↔ Pukkattupady,Mattancherry → Pukkattupady,forward
r13649197,r13649195,Mattancherry ↔ Pukkattupady,Pukkattupady → Mattancherry,backward
r13649217,r13649216,Fort Kochi ↔ Pukkattupady,Fort Kochi → Pukkattupady,forward
r13649217,r13649215,Fort Kochi ↔ Pukkattupady,Pukkattupady → Fort Kochi,backward
r13649242,r13649241,Kakkanad ↔ Mattancherry,Kakkanad → Mattancherry,forward
r13649242,r13649240,Kakkanad ↔ Mattancherry,Mattancherry → Kakkanad,backward
r13649914,r13649913,Chellanam ↔ Thoppumpady,Chellanam → Thoppumpady,forward
r13649914,r13649912,Chellanam ↔ Thoppumpady,Thoppumpady → Chellanam,backward
r13653991,r13653990,Ponekkara ↔ Thevara,Ponekkara → Thevara,forward
r13653991,r13653989,Ponekkara ↔ Thevara,Thevara → Ponekkara,backward
r13656366,r13656365,Chittethukara ↔ Fort Kochi,Chittethukara → Fort Kochi,forward
r13656366,r13656364,Chittethukara ↔ Fort Kochi,Fort Kochi → Chittethukara,backward
r13656569,r13656568,Kakkanad ↔ Wellington Island,Kakkanad → Wellington Island,forward
r13656569,r13656567,Kakkanad ↔ Wellington Island,Wellington Island → Kakkanad,backward
r13656692,r13656691,Eloor ↔ Kadavanthra,Eloor → Kadavanthra,forward
r13656692,r13656690,Eloor ↔ Kadavanthra,Kadavanthra → Eloor,backward
r13656752,r13656751,Eloor ↔ Wellington Island,Eloor → Wellington Island,forward
r13656752,r13656750,Eloor ↔ Wellington Island,Wellington Island → Eloor,backward
r13657023,r13657022,Eloor ↔ Kumbalam,Eloor → Kumbalam,forward
r13657023,r13657021,Eloor ↔ Kumbalam,Kumbalam → Eloor,backward
r13657357,r13657356,Aluva ↔ Manjali (via Athani),Aluva → Manjali (via Athani),forward
r13657357,r13657355,Aluva ↔ Manjali (via Athani),Manjali → Aluva (via Athani),unknown
r13663933,r13663932,North Paravur ↔ Perumbavoor,North Paravur → Perumbavoor,forward
r13663933,r13663931,North Paravur ↔ Perumbavoor,Perumbavoor → North Paravur,backward
r13667682,r13667681,Chottanikkara ↔ Kothad Ferry,Chottanikkara → Kothad Ferry,forward
r13667682,r13667680,Chottanikkara ↔ Kothad Ferry,Kothad Ferry → Chottanikkara,backward
r13668802,r13668800,Chittoor Temple ↔ Fort Kochi,Fort Kochi → Chittoor Temple,backward
r13668802,r13668801,Chittoor Temple ↔ Fort Kochi,Chittoor Temple → Fort Kochi,forward
r13669763,r13669761,Kakkanad ↔ Perumpadappu (via Padma),Perumpadappu → Kakkanad,unknown
r13669763,r13669762,Kakkanad ↔ Perumpadappu (via Padma),Kakkanad → Perumpadappu,unknown
r13669818,r13669816,Ernakulam South ↔ North Paravur,North Paravur → Ernakulam South,backward
r13669818,r13669817,Ernakulam South ↔ North Paravur,Ernakulam South → North Paravur,forward
r13669870,r13669868,Perumpadappu ↔ Chittoor Ferry,Chittoor Ferry → Perumpadappu,backward
r13669870,r13669869,Perumpadappu ↔ Chittoor Ferry,Perumpadappu → Chittoor Ferry,forward
r13670060,r13670059,Perumpadappu ↔ Kaloor,Perumpadappu → Kaloor,forward
r13670060,r13670058,Perumpadappu ↔ Kaloor,Kaloor → Perumpadappu,backward
r13671522,r13671521,Thevara Ferry ↔ Kakkanad,Thevara Ferry → Kakkanad,forward
r13671522,r13671520,Thevara Ferry ↔ Kakkanad,Kakkanad → Thevara Ferry,backward
r13671533,r13671531,Eloor Dippo ↔ Thevara ferry,Thevara ferry → Eloor Dippo,backward
r13671533,r13671532,Eloor Dippo ↔ Thevara ferry,Eloor Dippo → Thevara ferry,forward
r13671558,r13671556,Chellanam ↔ Chittoor,Chittoor → Chellanam,backward
r13671558,r13671557,Chellanam ↔ Chittoor,Chellanam → Chittoor,forward
r13671857,r13671856,Cheranellore ↔ Mattancherry (via Edapally Bypass),Cheranellore → Mattancherry,unknown
r13671857,r13671855,Cheranellore ↔ Mattancherry (via Edapally Bypass),Mattancherry → Cheranellore,unknown
r13672029,r13672028,Aluva ↔ Varapuzha (via via UC College and Alangad),Aluva → Varapuzha,unknown
r13672029,r13672027,Aluva ↔ Varapuzha (via via UC College and Alangad),Varapuzha → Aluva,unknown
r13672401,r13672399,Fort Kochi ↔ Thuthiyoor,Fort Kochi → Thuthiyoor,forward
r13672401,r13672400,Fort Kochi ↔ Thuthiyoor,Thuthiyoor → Fort Kochi,backward
r13672568,r13672566,Cheranelloor ↔ Puthiakavu,Cheranelloor → Puthiakavu,forward
r13672568,r13672567,Cheranelloor ↔ Puthiakavu,Puthiakavu → Cheranelloor,backward
r13672587,r13672586,Thevara ↔ Thuthiyoor,Thevara → Thuthiyoor,forward
r13672587,r13672585,Thevara ↔ Thuthiyoor,Thuthiyoor → Thevara,backward
r13672630,r13672629,Aluva ↔ Pathalam,Aluva → Pathalam,forward
r13672630,r13672628,Aluva ↔ Pathalam,Pathalam → Aluva,backward
r13672764,r13672763,Chellanam ↔ Thoppumpady,Chellanam → Thoppumpady,forward
r13672764,r13672762,Chellanam ↔ Thoppumpady,Thoppumpady → Chellanam,backward
r13673125,r13673124,Thrippoonithura ↔ Thoppumpady,Thoppumpady → Thrippoonithura,backward
r13673125,r13673123,Thrippoonithura ↔ Thoppumpady,Thrippoonithura → Thoppumpady,forward
r13673203,r13673202,Kaloor ↔ Gonduparambu,Gonduparambu → Kaloor,backward
r13673203,r13673201,Kaloor ↔ Gonduparambu,Kaloor → Gonduparambu,forward
r13673315,r13673314,Munambam ↔ Thathapilly,Munambam → Thathapilly,forward
r13673315,r13673313,Munambam ↔ Thathapilly,Thathapilly → Munambam,backward
r13673318,r13673317,Fort Kochi ↔ Methanam (Eloor North),Fort Kochi → Methanam (Eloor North),forward
r13673318,r13673316,Fort Kochi ↔ Methanam (Eloor North),Methanam (Eloor North) → Fort Kochi,backward
r13673330,r13673329,North Paravur ↔ Thathappilly,North Paravur → Thathappilly,forward
r13673330,r13673328,North Paravur ↔ Thathappilly,Thathappilly → North Paravur,backward
r13673356,r13673355,Edappally ↔ Vyttila,Edappally → Vyttila,forward
r13673356,r13673354,Edappally ↔ Vyttila,Vyttila → Edappally,backward
r13673475,r13673473,Pallithode ↔ Thoppumpady,Pallithode → Thoppumpady,forward
r13673475,r13673474,Pallithode ↔ Thoppumpady,Thoppumpady → Pallithode,backward
r13673497,r13673496,High court ↔ Poothotta,High court → Poothotta,forward
r13673497,r13673495,High court ↔ Poothotta,Poothotta → High court,backward
r13674025,r13674023,North Paravur ↔ Chennur,Chennur → North Paravur,backward
r13674025,r13674024,North Paravur ↔ Chennur,North Paravur → Chennur,forward
r13674447,r13674446,Chellanam ↔ Kaloor,Chellanam → Kaloor,forward
r13674447,r13674445,Chellanam ↔ Kaloor,Kaloor → Chellanam,backward
r13675465,r13675464,Aluva ↔ Aluva,Aluva → Aluva,forward
r13675601,r13675600,Mannamthurth ↔ Munambam,Mannamthurth → Munambam,forward
r13675601,r13675599,Mannamthurth ↔ Munambam,Munambam → Mannamthurth,backward
r13675635,r13675633,Thrippoonithura ↔ Medical college (via Menaka),Medical college → Thrippoonithura,unknown
r13675635,r13675634,Thrippoonithura ↔ Medical college (via Menaka),Thrippoonithura → Medical college,unknown
r13675715,r13675714,Fort Kochi ↔ Medical college,Fort Kochi → Medical college,forward
r13675715,r13675713,Fort Kochi ↔ Medical college,Medical college → Fort Kochi,backward
r13675765,r13675763,Fort Kochi ↔ Edachira,Edachira → Fort Kochi,backward
r13675765,r13675764,Fort Kochi ↔ Edachira,Fort Kochi → Edachira,forward
r13675842,r13675841,Fort Kochi ↔ KMP Nagar,Fort Kochi → KMP Nagar,forward
r13675842,r13675840,Fort Kochi ↔ KMP Nagar,KMP Nagar → Fort Kochi,backward
r13675967,r13675966,Chittoor Temple ↔ Chottanikkara,Chittoor Temple → Chottanikkara,forward
r13675967,r13675965,Chittoor Temple ↔ Chottanikkara,Chottanikkara → Chittoor Temple,backward
r13676122,r13676121,Aluva ↔ Manjali (via Puthuvassery),Aluva → Manjali (via Puthuvassery),forward
r13676122,r13676120,Aluva ↔ Manjali (via Puthuvassery),Manjali → Aluva (via Puthuvassery),unknown
r13676171,r13676169,Thrippoonithura ↔ Infopark,Infopark → Thrippoonithura,backward
r13676171,r13676170,Thrippoonithura ↔ Infopark,Thrippoonithura → Infopark,forward
r13676349,r13676348,Thevara Ferry ↔ Elamakkara,Elamakkara → Thevara Ferry,backward
r13676349,r13676347,Thevara Ferry ↔ Elamakkara,Thevara Ferry → Elamakkara,forward
r13676385,r13676384,Cheranelloor ↔ Thevara Ferry (via Elamakkara and Menaka),Cheranelloor → Thevara Ferry,unknown
r13676385,r13676383,Cheranelloor ↔ Thevara Ferry (via Elamakkara and Menaka),Thevara Ferry → Cheranelloor,unknown
r13676418,r13676417,Kothad Ferry ↔ Thevara,Kothad Ferry → Thevara,forward
r13676418,r13676416,Kothad Ferry ↔ Thevara,Thevara → Kothad Ferry,backward
r13676422,r13676421,Chittoor Ferry ↔ Kumbalam,Chittoor Ferry → Kumbalam,forward
r13676422,r13676420,Chittoor Ferry ↔ Kumbalam,Kumbalam → Chittoor Ferry,backward
r13676487,r13676486,Thrippoonithura ↔ Perumbavoor (via Pattimattom),Perumbavoor → Thrippoonithura,unknown
r13676487,r13676485,Thrippoonithura ↔ Perumbavoor (via Pattimattom),Thrippoonithura → Perumbavoor,unknown
r13676537,r13676535,Fort Kochi ↔ Kakkanad (via Padma),Fort Kochi → Kakkanad,unknown
r13676537,r13676536,Fort Kochi ↔ Kakkanad (via Padma),Kakkanad → Fort Kochi,unknown
r13677217,r13677216,Munambam ↔ Ankamaly,Munambam → Ankamaly,forward
r13677217,r13677215,Munambam ↔ Ankamaly,Ankamaly → Munambam,backward
r13678268,r13678266,North Paravur ↔ Panangad,Panangad → North Paravur,backward
r13678268,r13678267,North Paravur ↔ Panangad,North Paravur → Panangad,forward
r13679145,r13679143,Munambam ↔ Kottuvally South,Kottuvally South → Munambam,backward
r13679145,r13679144,Munambam ↔ Kottuvally South,Munambam → Kottuvally South,forward
r13679265,r13679264,Munambam ↔ Cheranellore,Munambam → Cheranellore,forward
r13679265,r13679263,Munambam ↔ Cheranellore,Cheranellore → Munambam,backward
r13679626,r13679625,Aluva ↔ Kothad Ferry,Aluva → Kothad Ferry,forward
r13679626,r13679624,Aluva ↔ Kothad Ferry,Kothad Ferry → Aluva,backward
r13689658,r13689657,Aluva ↔ Vyttila Mobility Hub,Aluva → Vyttila Mobility Hub,forward
r13689658,r13689656,Aluva ↔ Vyttila Mobility Hub,Vyttila Mobility Hub → Aluva,backward
r13691656,r13691655,Cherai ↔ Ernakulam Boat Jetty,Cherai → Ernakulam Boat Jetty,forward
r13691656,r13691654,Cherai ↔ Ernakulam Boat Jetty,Ernakulam Boat Jetty → Cherai,backward
r13718237,r13586169,Kaloor ↔ Poothotta (via Padma),Kaloor → Poothotta,unknown
r13718237,r13718235,Kaloor ↔ Poothotta (via Padma),Poothotta → Kaloor,unknown
r13718887,r13718886,Fort Kochi ↔ Puthukkalavattom,Fort Kochi → Puthukkalavattom,forward
r13718887,r13718885,Fort Kochi ↔ Puthukkalavattom,Puthukkalavattom → Fort Kochi,backward
r13718986,r13718985,Poothotta ↔ Puthukkalavattom,Poothotta → Puthukkalavattom,forward
r13718986,r13718984,Poothotta ↔ Puthukkalavattom,Puthukkalavattom → Poothotta,backward
r13719331,r13719330,Chottanikkara ↔ Puthukkalavattom,Chottanikkara → Puthukkalavattom,forward
r13719331,r13719329,Chottanikkara ↔ Puthukkalavattom,Puthukkalavattom → Chottanikkara,backward
r13724742,r13724741,Cheranellore ↔ Thrippoonithura (via Maradu),Cheranellore → Thrippoonithura,unknown
r13724742,r13724740,Cheranellore ↔ Thrippoonithura (via Maradu),Thrippoonithura → Cheranellore,unknown
r13725408,r13725407,Perumbavoor ↔ Thevara,Perumbavoor → Thevara,forward
r13725408,r13725406,Perumbavoor ↔ Thevara,Thevara → Perumbavoor,backward
r13725470,r13725469,Chellanam ↔ Methanam,Chellanam → Methanam,forward
r13725470,r13725468,Chellanam ↔ Methanam,Methanam → Chellanam,backward
r13725518,r13725517,Chittethukara ↔ Thevara,Chittethukara → Thevara,forward
r13725518,r13725516,Chittethukara ↔ Thevara,Thevara → Chittethukara,backward
r13749933,r13749932,High Court ↔ Njarakkal (via Light House),High Court → Njarakkal,unknown
r13749933,r13749931,High Court ↔ Njarakkal (via Light House),Njarakkal → High Court,unknown
r13749958,r13749957,High Court ↔ Njarakkal,High Court → Njarakkal,forward
r13749958,r13749956,High Court ↔ Njarakkal,Njarakkal → High Court,backward
r13749971,r13749970,High Court ↔ Njarakkal (via Vypin),High Court → Njarakkal,unknown
r13749971,r13749969,High Court ↔ Njarakkal (via Vypin),Njarakkal → High Court,unknown
r13750047,r13750046,Aluva ↔ Ernakulam South (via Menaka),Aluva → Ernakulam South,unknown
r13750047,r13750045,Aluva ↔ Ernakulam South (via Menaka),Ernakulam South → Aluva,unknown
r13750103,r13750102,Aluva ↔ Wellington Island (via Menaka),Aluva → Wellington Island,unknown
r13750103,r13750101,Aluva ↔ Wellington Island (via Menaka),Wellington Island → Aluva,unknown
r13750121,r13750120,Aluva ↔ Chittoorferry,Aluva → Chittoorferry,forward
r13750121,r13750119,Aluva ↔ Chittoorferry,Chittoorferry → Aluva,backward
r13750132,r13750131,Chittoor Temple ↔ Thevara,Chittoor Temple → Thevara,forward
r13750132,r13750130,Chittoor Temple ↔ Thevara,Thevara → Chittoor Temple,backward
r13750190,r13750189,Eloor ↔ Poothotta (via Menaka),Eloor → Poothotta,unknown
r13750190,r13750188,Eloor ↔ Poothotta (via Menaka),Poothotta → Eloor,unknown
r13750199,r13750198,Chellanam ↔ High Court,Chellanam → High Court,forward
r13750199,r13750197,Chellanam ↔ High Court,High Court → Chellanam,backward
r13750240,r13750239,Eloor ferry ↔ Gandhinagar,Eloor ferry → Gandhinagar,forward
r13750240,r13750238,Eloor ferry ↔ Gandhinagar,Gandhinagar → Eloor ferry,backward
r13750380,r13750379,"Vyttila Mobility Hub ↔ Vyttila Mobility Hub (anti-clockwise, via Palarivattom Bypass, Kadavanthara)",Vyttila Mobility Hub → Vyttila Mobility Hub,unknown
r13750469,r13750468,"Vyttila Mobility Hub ↔ Vyttila Mobility Hub (clockwise, via Kadavanthara and Thamannam)",Vyttila Mobility Hub → Vyttila Mobility Hub,unknown
r13750488,r13750487,Aluva ↔ Edakochi,Aluva → Edakochi,forward
r13750488,r13750486,Aluva ↔ Edakochi,Edakochi → Aluva,backward
r13750598,r13750597,Thrippoonithura ↔ Thrippoonithura,Thrippoonithura → Thrippoonithura,forward
r13750640,r13750639,Chottanikkara ↔ Elamakkara,Chottanikkara → Elamakkara,forward
r13750640,r13750638,Chottanikkara ↔ Elamakkara,Elamakkara → Chottanikkara,backward
r13750694,r13750693,Kakkanad ↔ North Paravur,Kakkanad → North Paravur,forward
r13750694,r13750692,Kakkanad ↔ North Paravur,North Paravur → Kakkanad,backward
r13754397,r13754396,Edakochi ↔ Thuthiyoor,Edakochi → Thuthiyoor,forward
r13754397,r13754395,Edakochi ↔ Thuthiyoor,Thuthiyoor → Edakochi,backward
r13755059,r13755057,Thuthiyoor ↔ Pambayimoola,Pambayimoola → Thuthiyoor,backward
r13755059,r13755058,Thuthiyoor ↔ Pambayimoola,Thuthiyoor → Pambayimoola,forward
r13755126,r13755124,Kothad Church ↔ Kundannoor,Kothad Church → Kundannoor,forward
r13755126,r13755125,Kothad Church ↔ Kundannoor,Kundannoor → Kothad Church,backward
r13755241,r13755240,Kundannoor ↔ Kundannoor,Kundannoor → Kundannoor,forward
r13755265,r13755264,Aluva ↔ Palluruthy,Aluva → Palluruthy,forward
r13755265,r13755263,Aluva ↔ Palluruthy,Palluruthy → Aluva,backward
r13755297,r13755295,Thrippoonithura ↔ Puthencruz,Puthencruz → Thrippoonithura,backward
r13755297,r13755296,Thrippoonithura ↔ Puthencruz,Thrippoonithura → Puthencruz,forward
r13755381,r13755380,Kadavanthra ↔ Kadavanthra,Kadavanthra → Kadavanthra,forward
r13755423,r13755421,Thevara Ferry ↔ Kakkanad CEPZ,Kakkanad CEPZ → Thevara Ferry,backward
r13755423,r13755422,Thevara Ferry ↔ Kakkanad CEPZ,Thevara Ferry → Kakkanad CEPZ,forward
r13758565,r13758564,Chittethukara ↔ Kumbalangi,Chittethukara → Kumbalangi,forward
r13758565,r13758563,Chittethukara ↔ Kumbalangi,Kumbalangi → Chittethukara,backward
r13758647,r13758646,Kakkanad ↔ Kumbalangi,Kakkanad → Kumbalangi,forward
r13758647,r13758645,Kakkanad ↔ Kumbalangi,Kumbalangi → Kakkanad,backward
r13758901,r13758900,Fort Kochi ↔ Palarivattom,Fort Kochi → Palarivattom,forward
r13758901,r13758899,Fort Kochi ↔ Palarivattom,Palarivattom → Fort Kochi,backward
r13758931,r13758930,Chellanam ↔ Fort Kochi,Chellanam → Fort Kochi,forward
r13758931,r13758929,Chellanam ↔ Fort Kochi,Fort Kochi → Chellanam,backward
r13761899,r13761898,Cheranellore ↔ Kumbalangi,Cheranellore → Kumbalangi,forward
r13761899,r13761897,Cheranellore ↔ Kumbalangi,Kumbalangi → Cheranellore,backward
r13761930,r13761929,Chellanam ↔ Palarivattom,Chellanam → Palarivattom,forward
r13761930,r13761928,Chellanam ↔ Palarivattom,Palarivattom → Chellanam,backward
r13761960,r13761959,Thrippoonithura ↔ Wellington Island,Thrippoonithura → Wellington Island,forward
r13761960,r13761958,Thrippoonithura ↔ Wellington Island,Wellington Island → Thrippoonithura,backward
r13761992,r13761990,Cheranellore ↔ Thrippoonithura,Cheranellore → Thrippoonithura,forward
r13761992,r13761991,Cheranellore ↔ Thrippoonithura,Thrippoonithura → Cheranellore,backward
r13762115,r13762114,Aluva ↔ Kalady,Aluva → Kalady,forward
r13762115,r13762113,Aluva ↔ Kalady,Kalady → Aluva,backward
r13775320,r13775319,Chottanikkara ↔ Kaloor (via Menaka),Chottanikkara → Kaloor,unknown
r13775320,r13775318,Chottanikkara ↔ Kaloor (via Menaka),Kaloor → Chottanikkara,unknown
r13781303,r13781302,Kaloor ↔ Kumbalangi,Kaloor → Kumbalangi,forward
r13781303,r13781301,Kaloor ↔ Kumbalangi,Kumbalangi → Kaloor,backward
r13781430,r13781429,Kaloor ↔ Pukkattupady,Pukkattupady → Kaloor,backward
r13781463,r13781462,Ernakulam South ↔ Perumbavoor,Ernakulam South → Perumbavoor,forward
r13781491,r13781490,Kaloor ↔ Thrippoonithura,Kaloor → Thrippoonithura,forward
r13781491,r13781489,Kaloor ↔ Thrippoonithura,Thrippoonithura → Kaloor,backward
r13781528,r13876966,Aluva ↔ Kaloor,Aluva → Kaloor,forward
r13781528,r13781527,Aluva ↔ Kaloor,Kaloor → Aluva,backward
r13791383,r13791379,High Court ↔ Nedungad,High Court → Nedungad,forward
r13791383,r13791380,High Court ↔ Nedungad,Nedungad → High Court,backward
r13791384,r13791381,Manjanakad ↔ High Court (via Vypin),High Court → Manjanakad,unknown
r13791384,r13791382,Manjanakad ↔ High Court (via Vypin),Manjanakad → High Court,unknown
r13791533,r13791531,North Paravur ↔ Kadamakkudy (via Pizhalakadavu),Kadamakkudy → North Paravur,unknown
r13791533,r13791532,North Paravur ↔ Kadamakkudy (via Pizhalakadavu),North Paravur → Kadamakkudy,unknown
r13791621,r13791620,Cheranellore ↔ Thrippoonithura (via Pipeline),Cheranellore → Thrippoonithura,unknown
r13791621,r13791619,Cheranellore ↔ Thrippoonithura (via Pipeline),Thrippoonithura → Cheranellore,unknown
r13791696,r13791695,Cheranellore ↔ Thrippoonithura (via KK Road),Cheranellore → Thrippoonithura,unknown
r13791696,r13791694,Cheranellore ↔ Thrippoonithura (via KK Road),Thrippoonithura → Cheranellore,unknown
r13791758,r13791757,Cheranellore ↔ Fort Kochi,Cheranellore → Fort Kochi,forward
r13791758,r13791756,Cheranellore ↔ Fort Kochi,Fort Kochi → Cheranellore,backward
r13792383,r13792382,Eroor ↔ Eroor,Eroor → Eroor,forward
r13792747,r13792745,Thrippoonithura ↔ Medical college (via Bypass),Medical college → Thrippoonithura,unknown
r13792747,r13792746,Thrippoonithura ↔ Medical college (via Bypass),Thrippoonithura → Medical college,unknown
r13792775,r13792774,Kozhivettumveli ↔ Kozhivettumveli,Kozhivettumveli → Kozhivettumveli,forward
r13792894,r13792893,Aluva ↔ Chathamma,Aluva → Chathamma,forward
r13792894,r13792892,Aluva ↔ Chathamma,Chathamma → Aluva,backward
r13792943,r13792942,Kakkanad ↔ Manakkakadavu,Kakkanad → Manakkakadavu,forward
r13792943,r13792941,Kakkanad ↔ Manakkakadavu,Manakkakadavu → Kakkanad,backward
r13793165,r13793164,Aluva ↔ Illichuvadu Junction,Aluva → Illichuvadu Junction,forward
r13793165,r13793163,Aluva ↔ Illichuvadu Junction,Illichuvadu Junction → Aluva,backward
r13796243,r13796241,North Paravur ↔ Vypin,Vypin → North Paravur,backward
r13796243,r13796242,North Paravur ↔ Vypin,North Paravur → Vypin,forward
r13810977,r13810975,Thevara ↔ Pukkattupady,Pukkattupady → Thevara,backward
r13810977,r13810976,Thevara ↔ Pukkattupady,Thevara → Pukkattupady,forward
r13812889,r13812888,Ernakulam Boat Jetty ↔ Pizhala,Ernakulam Boat Jetty → Pizhala,forward
r13812889,r13812887,Ernakulam Boat Jetty ↔ Pizhala,Pizhala → Ernakulam Boat Jetty,backward
r13813338,r13813336,Aluva ↔ Thrippoonithura,Thrippoonithura → Aluva,backward
r13813338,r13813337,Aluva ↔ Thrippoonithura,Aluva → Thrippoonithura,forward
r13818643,r13818642,Piravom ↔ Vyttila,Piravom → Vyttila,forward
r13818643,r13818641,Piravom ↔ Vyttila,Vyttila → Piravom,backward
r13825414,r13825412,High Court ↔ Appangad (via Vypin),Appangad → High Court,unknown
r13825414,r13825413,High Court ↔ Appangad (via Vypin),High Court → Appangad,unknown
r13825425,r13825423,Vyttila ↔ Gonduparambu,Gonduparambu → Vyttila,backward
r13825425,r13825424,Vyttila ↔ Gonduparambu,Vyttila → Gonduparambu,forward
r13825502,r13825501,Perumbavoor ↔ Thevara Ferry,Perumbavoor → Thevara Ferry,forward
r13825502,r13825500,Perumbavoor ↔ Thevara Ferry,Thevara Ferry → Perumbavoor,backward
r13825517,r13825515,Chettibhagam ↔ Kadamakudy,Chettibhagam → Kadamakudy,forward
r13825517,r13825516,Chettibhagam ↔ Kadamakudy,Kadamakudy → Chettibhagam,backward
r13825522,r13825520,Chettibhagam ↔ North Paravur,Chettibhagam → North Paravur,forward
r13825522,r13825521,Chettibhagam ↔ North Paravur,North Paravur → Chettibhagam,backward
r13825532,r13825531,Chettibhagam ↔ Pizhalakkadavu,Chettibhagam → Pizhalakkadavu,forward
r13825532,r13825530,Chettibhagam ↔ Pizhalakkadavu,Pizhalakkadavu → Chettibhagam,backward
r13834627,r13834625,Edachira ↔ Ernakulam South,Edachira → Ernakulam South,forward
r13834627,r13834626,Edachira ↔ Ernakulam South,Ernakulam South → Edachira,backward
r13834680,r13834678,Kumbalangi ↔ Thoppumpady,Kumbalangi → Thoppumpady,forward
r13834680,r13834679,Kumbalangi ↔ Thoppumpady,Thoppumpady → Kumbalangi,backward
r13834697,r13834695,Palarivattom ↔ Wellington Island,Palarivattom → Wellington Island,forward
r13834697,r13834696,Palarivattom ↔ Wellington Island,Wellington Island → Palarivattom,backward
r13834709,r13834707,Ernakulam South ↔ Pukkattupady,Ernakulam South → Pukkattupady,forward
r13834709,r13834708,Ernakulam South ↔ Pukkattupady,Pukkattupady → Ernakulam South,backward
r13834767,r13834765,Ernakulam South ↔ Thevara Ferry,Ernakulam South → Thevara Ferry,forward
r13834767,r13834766,Ernakulam South ↔ Thevara Ferry,Thevara Ferry → Ernakulam South,backward
r13834780,r13834778,Ernakulam South ↔ Thevara Junction,Ernakulam South → Thevara Junction,forward
r13834780,r13834779,Ernakulam South ↔ Thevara Junction,Thevara Junction → Ernakulam South,backward
r13834820,r13834818,Kadamakudy ↔ Pizhalakkadavu,Kadamakudy → Pizhalakkadavu,forward
r13834820,r13834819,Kadamakudy ↔ Pizhalakkadavu,Pizhalakkadavu → Kadamakudy,backward
r13834840,r13834838,Aluva ↔ Muppathadam,Aluva → Muppathadam,forward
r13834840,r13834839,Aluva ↔ Muppathadam,Muppathadam → Aluva,backward
r13834852,r13834850,Aluva ↔ Vattapparambu,Aluva → Vattapparambu,forward
r13834852,r13834851,Aluva ↔ Vattapparambu,Vattapparambu → Aluva,backward
r13835426,r13835425,Chittethukara ↔ Thevara Ferry,Chittethukara → Thevara Ferry,forward
r13835426,r13835424,Chittethukara ↔ Thevara Ferry,Thevara Ferry → Chittethukara,backward
r13835478,r13835476,Aluva ↔ NAD,Aluva → NAD,forward
r13835478,r13835477,Aluva ↔ NAD,NAD → Aluva,backward
r13835644,r13835642,Medical College ↔ Poothotta,Medical College → Poothotta,forward
r13835644,r13835643,Medical College ↔ Poothotta,Poothotta → Medical College,backward
r13835657,r13835655,Aluva ↔ Eloor,Aluva → Eloor,forward
r13835657,r13835656,Aluva ↔ Eloor,Eloor → Aluva,backward
r13837312,r13837311,Aluva ↔ Ernakulam South,Aluva → Ernakulam South,forward
r13837312,r13837310,Aluva ↔ Ernakulam South,Ernakulam South → Aluva,backward
r13837374,r13837372,Chottanikkara ↔ Ponekkara,Chottanikkara → Ponekkara,forward
r13837374,r13837373,Chottanikkara ↔ Ponekkara,Ponekkara → Chottanikkara,backward
r13837511,r13837509,Chittethukara ↔ Perumpadappu,Chittethukara → Perumpadappu,forward
r13837511,r13837510,Chittethukara ↔ Perumpadappu,Perumpadappu → Chittethukara,backward
r13837569,r13837567,Eloor ↔ Poothotta (via Bypass),Eloor → Poothotta,unknown
r13837569,r13837568,Eloor ↔ Poothotta (via Bypass),Poothotta → Eloor,unknown
r13837630,r13837628,Aluva ↔ Chottanikkara (via Bypass),Aluva → Chottanikkara,unknown
r13837630,r13837629,Aluva ↔ Chottanikkara (via Bypass),Chottanikkara → Aluva,unknown
r13837791,r13837789,Chottanikkara ↔ Kaloor (via Bypass),Chottanikkara → Kaloor,unknown
r13837791,r13837790,Chottanikkara ↔ Kaloor (via Bypass),Kaloor → Chottanikkara,unknown
r13837821,r13837819,Kaloor ↔ Thrippoonithura,Kaloor → Thrippoonithura,forward
r13837821,r13837820,Kaloor ↔ Thrippoonithura,Thrippoonithura → Kaloor,backward
r13838046,r13838044,Poothota ↔ Irumpanam,Irumpanam → Poothota,backward
r13838046,r13838045,Poothota ↔ Irumpanam,Poothota → Irumpanam,forward
r13838061,r13838060,Poothota ↔ Perumbavoor,Perumbavoor → Poothota,backward
r13838061,r13838059,Poothota ↔ Perumbavoor,Poothota → Perumbavoor,forward
r13838092,r13838090,Kakkanad ↔ Poothotta,Kakkanad → Poothotta,forward
r13838092,r13838091,Kakkanad ↔ Poothotta,Poothotta → Kakkanad,backward
r13838211,r13838207,Kakkanad ↔ Chellanam,Chellanam → Kakkanad,backward
r13838211,r13838208,Kakkanad ↔ Chellanam,Kakkanad → Chellanam,forward
r13838258,r13838257,Edakochi ↔ Puthukkalavattom,Edakochi → Puthukkalavattom,forward
r13838258,r13838256,Edakochi ↔ Puthukkalavattom,Puthukkalavattom → Edakochi,backward
r13838449,r13838416,Chittoor ↔ Eroor,Chittoor → Eroor,forward
r13838449,r13838417,Chittoor ↔ Eroor,Eroor → Chittoor,backward
r13838501,r13838499,Eroor ↔ Kothad Ferry,Eroor → Kothad Ferry,forward
r13838501,r13838500,Eroor ↔ Kothad Ferry,Kothad Ferry → Eroor,backward
r13838567,r13838565,Aluva ↔ Chottanikkara (via Ponekkara),Aluva → Chottanikkara,unknown
r13838567,r13838566,Aluva ↔ Chottanikkara (via Ponekkara),Chottanikkara → Aluva,unknown
r13838750,r13838748,North Paravur ↔ Thevara Junction,North Paravur → Thevara Junction,forward
r13838750,r13838749,North Paravur ↔ Thevara Junction,Thevara Junction → North Paravur,backward
r13838881,r13838879,Kaloor ↔ Chathanad,Chathanad → Kaloor,backward
r13838881,r13838880,Kaloor ↔ Chathanad,Kaloor → Chathanad,forward
r13838898,r13838896,Kaloor ↔ Chathanad,Chathanad → Kaloor,backward
r13838898,r13838897,Kaloor ↔ Chathanad,Kaloor → Chathanad,forward
r13839195,r13839193,Aluva ↔ North Paravur,Aluva → North Paravur,forward
r13839195,r13839194,Aluva ↔ North Paravur,North Paravur → Aluva,backward
r13839224,r13839222,Thrippoonithura ↔ Thoppumpady,Thoppumpady → Thrippoonithura,backward
r13839224,r13839223,Thrippoonithura ↔ Thoppumpady,Thrippoonithura → Thoppumpady,forward
r13839959,r13839958,Kaloor ↔ Nechoor,Kaloor → Nechoor,forward
r13839959,r13839957,Kaloor ↔ Nechoor,Nechoor → Kaloor,backward
r13840066,r13840064,Kaloor ↔ Amaeda,Amaeda → Kaloor,backward
r13840066,r13840065,Kaloor ↔ Amaeda,Kaloor → Amaeda,forward
r13840073,r13840072,Kakkanad ↔ Thrippoonithura,Kakkanad → Thrippoonithura,forward
r13840073,r13840071,Kakkanad ↔ Thrippoonithura,Thrippoonithura → Kakkanad,backward
r13840084,r13840083,Aluva ↔ Chellanam (via Padma),Aluva → Chellanam,unknown
r13840084,r13840082,Aluva ↔ Chellanam (via Padma),Chellanam → Aluva,unknown
r13840178,r13840176,Aluva ↔ Vyttila,Aluva → Vyttila,forward
r13840178,r13840177,Aluva ↔ Vyttila,Vyttila → Aluva,backward
r13840234,r13840232,Kundannoor ↔ Vyttila,Kundannoor → Vyttila,forward
r13840234,r13840233,Kundannoor ↔ Vyttila,Vyttila → Kundannoor,backward
r13840281,r13840280,Aluva ↔ Ankamaly,Aluva → Ankamaly,forward
r13840281,r13840279,Aluva ↔ Ankamaly,Ankamaly → Aluva,backward
r13840365,r13840363,Aluva ↔ Kakkanad,Aluva → Kakkanad,forward
r13840365,r13840364,Aluva ↔ Kakkanad,Kakkanad → Aluva,backward
r13847529,r13847528,Ankamaly ↔ Thoppumpady,Ankamaly → Thoppumpady,forward
r13847529,r13847527,Ankamaly ↔ Thoppumpady,Thoppumpady → Ankamaly,backward
r13850236,r13850235,Ankamaly ↔ Ernakulam Boat Jetty,Ankamaly → Ernakulam Boat Jetty,forward
r13850236,r13850234,Ankamaly ↔ Ernakulam Boat Jetty,Ernakulam Boat Jetty → Ankamaly,backward
r13850732,r13850731,North Paravur ↔ Vyttila,North Paravur → Vyttila,forward
r13850732,r13850730,North Paravur ↔ Vyttila,Vyttila → North Paravur,backward
r13874627,r13874626,Edachira ↔ Edakochi,Edachira → Edakochi,forward
r13874627,r13874625,Edachira ↔ Edakochi,Edakochi → Edachira,backward
r13874633,r13874631,Elamakkara ↔ Ernakulam South,Elamakkara → Ernakulam South,forward
r13874633,r13874632,Elamakkara ↔ Ernakulam South,Ernakulam South → Elamakkara,backward
r13874700,r13874697,Thevara Junction ↔ Edachira,Edachira → Thevara Junction,backward
r13874700,r13874696,Thevara Junction ↔ Edachira,Thevara Junction → Edachira,forward
r13874701,r13874698,Edachira ↔ Pambayimoola,Edachira → Pambayimoola,forward
r13874701,r13874699,Edachira ↔ Pambayimoola,Pambayimoola → Edachira,backward
r13874787,r13874785,Thuthiyoor ↔ Ernakulam South,Ernakulam South → Thuthiyoor,backward
r13874787,r13874786,Thuthiyoor ↔ Ernakulam South,Thuthiyoor → Ernakulam South,forward
r13874795,r13874793,Thuthiyoor ↔ Thevara Ferry,Thevara Ferry → Thuthiyoor,backward
r13874795,r13874794,Thuthiyoor ↔ Thevara Ferry,Thuthiyoor → Thevara Ferry,forward
r13874803,r13874801,Chittethukara ↔ Kakkanad,Chittethukara → Kakkanad,forward
r13874803,r13874802,Chittethukara ↔ Kakkanad,Kakkanad → Chittethukara,backward
r13874892,r13874891,Kakkanad ↔ Mundamveli,Kakkanad → Mundamveli,forward
r13874892,r13874890,Kakkanad ↔ Mundamveli,Mundamveli → Kakkanad,backward
r13874910,r13874909,Thuthiyoor ↔ Mundamveli,Mundamveli → Thuthiyoor,backward
r13874910,r13874908,Thuthiyoor ↔ Mundamveli,Thuthiyoor → Mundamveli,forward
r13874972,r13874970,Kakkanad CEPZ ↔ Fortkochi,Fortkochi → Kakkanad CEPZ,backward
r13874972,r13874971,Kakkanad CEPZ ↔ Fortkochi,Kakkanad CEPZ → Fortkochi,forward
r13874992,r13874991,Kakkanad CEPZ ↔ Thevara Junction,Kakkanad CEPZ → Thevara Junction,forward
r13874992,r13874990,Kakkanad CEPZ ↔ Thevara Junction,Thevara Junction → Kakkanad CEPZ,backward
r13875009,r13875007,Chittethukara ↔ Edakochi,Chittethukara → Edakochi,forward
r13875009,r13875008,Chittethukara ↔ Edakochi,Edakochi → Chittethukara,backward
r13875069,r13875067,Kaloor ↔ Poothotta (via Menaka),Kaloor → Poothotta,unknown
r13875069,r13875068,Kaloor ↔ Poothotta (via Menaka),Poothotta → Kaloor,unknown
r13875116,r13875114,Chittethukara ↔ Poothotta (via Menaka),Chittethukara → Poothotta,unknown
r13875116,r13875115,Chittethukara ↔ Poothotta (via Menaka),Poothotta → Chittethukara,unknown
r13875148,r13875146,Chittethukara ↔ Mundamveli,Chittethukara → Mundamveli,forward
r13875148,r13875147,Chittethukara ↔ Mundamveli,Mundamveli → Chittethukara,backward
r13876531,r13876530,Mattancherry ↔ Nilampathijamukal,Mattancherry → Nilampathijamukal,forward
r13876531,r13876529,Mattancherry ↔ Nilampathijamukal,Nilampathijamukal → Mattancherry,backward
r13876545,r13876543,Konthuruthy ↔ Nilampathijamukal,Konthuruthy → Nilampathijamukal,forward
r13876545,r13876544,Konthuruthy ↔ Nilampathijamukal,Nilampathijamukal → Konthuruthy,backward
r13876572,r13876571,Thevakkal ↔ Kakkanad,Kakkanad → Thevakkal,backward
r13876572,r13876570,Thevakkal ↔ Kakkanad,Thevakkal → Kakkanad,forward
r13876608,r13876606,Chittethukara ↔ Konthuruthy,Konthuruthy → Chittethukara,backward
r13876608,r13876607,Chittethukara ↔ Konthuruthy,Chittethukara → Konthuruthy,forward
r13876614,r13876613,Kakkanad CEPZ ↔ Perumpadappu,Kakkanad CEPZ → Perumpadappu,forward
r13876614,r13876612,Kakkanad CEPZ ↔ Perumpadappu,Perumpadappu → Kakkanad CEPZ,backward
r13876620,r13876619,Edachira ↔ Thevara Ferry,Edachira → Thevara Ferry,forward
r13876620,r13876618,Edachira ↔ Thevara Ferry,Thevara Ferry → Edachira,backward
r13876626,r13876624,Chittethukara ↔ Ernakulam South,Ernakulam South → Chittethukara,backward
r13876626,r13876625,Chittethukara ↔ Ernakulam South,Chittethukara → Ernakulam South,forward
r13876636,r13876634,Thevakkal ↔ Thevara Ferry,Thevakkal → Thevara Ferry,forward
r13876636,r13876635,Thevakkal ↔ Thevara Ferry,Thevara Ferry → Thevakkal,backward
r13876652,r13876650,Thevakkal ↔ Edakochi,Edakochi → Thevakkal,backward
r13876652,r13876651,Thevakkal ↔ Edakochi,Thevakkal → Edakochi,forward
r13876655,r13876653,Nilampathijamukal ↔ Mundamveli,Mundamveli → Nilampathijamukal,backward
r13876655,r13876654,Nilampathijamukal ↔ Mundamveli,Nilampathijamukal → Mundamveli,forward
r13876681,r13876679,Kavumthazham ↔ Thrippoonithura,Kavumthazham → Thrippoonithura,forward
r13876681,r13876680,Kavumthazham ↔ Thrippoonithura,Thrippoonithura → Kavumthazham,backward
r13876761,r13876760,Chittethukara ↔ Poothotta (via Padma),Chittethukara → Poothotta,unknown
r13876761,r13876759,Chittethukara ↔ Poothotta (via Padma),Poothotta → Chittethukara,unknown
r13876773,r13876772,Chittethukara ↔ Poothotta (via Bypass),Chittethukara → Poothotta,unknown
r13876773,r13876771,Chittethukara ↔ Poothotta (via Bypass),Poothotta → Chittethukara,unknown
r13876836,r13876835,Nilampathijamukal ↔ Thevara Ferry,Nilampathijamukal → Thevara Ferry,forward
r13876836,r13876834,Nilampathijamukal ↔ Thevara Ferry,Thevara Ferry → Nilampathijamukal,backward
r13876839,r13876838,Fort Kochi ↔ Nilampathijamukal,Fort Kochi → Nilampathijamukal,forward
r13876839,r13876837,Fort Kochi ↔ Nilampathijamukal,Nilampathijamukal → Fort Kochi,backward
r13876847,r13876846,Kakkanad ↔ Kaloor,Kakkanad → Kaloor,forward
r13876847,r13876845,Kakkanad ↔ Kaloor,Kaloor → Kakkanad,backward
r13876859,r13876857,Kakkanad CEPZ ↔ Edakochi,Edakochi → Kakkanad CEPZ,backward
r13876859,r13876858,Kakkanad CEPZ ↔ Edakochi,Kakkanad CEPZ → Edakochi,forward
r13876903,r13876902,Kakkanad ↔ Medical College,Kakkanad → Medical College,forward
r13876903,r13876901,Kakkanad ↔ Medical College,Medical College → Kakkanad,backward
r13876930,r13876929,Amrutha Hospital ↔ North Paravur,Amrutha Hospital → North Paravur,forward
r13876930,r13876928,Amrutha Hospital ↔ North Paravur,North Paravur → Amrutha Hospital,backward
r13880472,r13880471,Kakkanad ↔ Kaloor,Kakkanad → Kaloor,forward
r13880472,r13880470,Kakkanad ↔ Kaloor,Kaloor → Kakkanad,backward
r13880518,r13880516,Kinfra ↔ Thrippoonithura,Kinfra → Thrippoonithura,forward
r13880518,r13880517,Kinfra ↔ Thrippoonithura,Thrippoonithura → Kinfra,backward
r13880777,r13880776,HMT Colony Junction ↔ Thrippoonithura,HMT Colony Junction → Thrippoonithura,forward
r13880777,r13880775,HMT Colony Junction ↔ Thrippoonithura,Thrippoonithura → HMT Colony Junction,backward
r13880914,r13880913,BM College ↔ Thrippoonithura,BM College → Thrippoonithura,forward
r13880914,r13880912,BM College ↔ Thrippoonithura,Thrippoonithura → BM College,backward
r13880993,r13880991,Padathikkara ↔ Thoppumpady,Padathikkara → Thoppumpady,forward
r13880993,r13880992,Padathikkara ↔ Thoppumpady,Thoppumpady → Padathikkara,backward
r13881199,r13881198,Padathikkara ↔ Thrippoonithura,Padathikkara → Thrippoonithura,forward
r13881199,r13881197,Padathikkara ↔ Thrippoonithura,Thrippoonithura → Padathikkara,backward
r13881291,r13881289,Kinfra ↔ Kundannoor,Kinfra → Kundannoor,forward
r13881291,r13881290,Kinfra ↔ Kundannoor,Kundannoor → Kinfra,backward
r13881313,r13881311,Kinfra ↔ Thoppumpady,Kinfra → Thoppumpady,forward
r13881313,r13881312,Kinfra ↔ Thoppumpady,Thoppumpady → Kinfra,backward
r13881342,r13881341,HMT Junction ↔ Thoppumpady,HMT Junction → Thoppumpady,forward
r13881342,r13881340,HMT Junction ↔ Thoppumpady,Thoppumpady → HMT Junction,backward
r13881364,r13881362,HMT Junction ↔ Kundannoor,HMT Junction → Kundannoor,forward
r13881364,r13881363,HMT Junction ↔ Kundannoor,Kundannoor → HMT Junction,backward
r13881373,r13881372,Thrippoonithura ↔ Kalamassery,Kalamassery → Thrippoonithura,backward
r13881373,r13881371,Thrippoonithura ↔ Kalamassery,Thrippoonithura → Kalamassery,forward
r13881389,r13881387,Kakkanad ↔ Kalamassery,Kakkanad → Kalamassery,forward
r13881389,r13881388,Kakkanad ↔ Kalamassery,Kalamassery → Kakkanad,backward
r13881486,r13881484,Mulanthuruthy ↔ Kakkanad,Kakkanad → Mulanthuruthy,backward
r13881486,r13881485,Mulanthuruthy ↔ Kakkanad,Mulanthuruthy → Kakkanad,forward
r13881505,r13881503,Thrippoonithura ↔ Edachira,Edachira → Thrippoonithura,backward
r13881505,r13881504,Thrippoonithura ↔ Edachira,Thrippoonithura → Edachira,forward
r13881512,r13881510,Thrippoonithura ↔ HMT Junction,HMT Junction → Thrippoonithura,backward
r13881512,r13881511,Thrippoonithura ↔ HMT Junction,Thrippoonithura → HMT Junction,forward
r13881577,r13881576,Kakkanad ↔ Poothotta,Kakkanad → Poothotta,forward
r13881577,r13881575,Kakkanad ↔ Poothotta,Poothotta → Kakkanad,backward
r13881584,r13881583,Rajagiri ↔ High Court,High Court → Rajagiri,backward
r13881584,r13881582,Rajagiri ↔ High Court,Rajagiri → High Court,forward
r13881608,r13881607,Chellanam ↔ Kothad ferry,Chellanam → Kothad ferry,forward
r13881608,r13881606,Chellanam ↔ Kothad ferry,Kothad ferry → Chellanam,backward
r13881616,r13881614,Perumbavoor ↔ Wellington Island,Perumbavoor → Wellington Island,forward
r13881616,r13881615,Perumbavoor ↔ Wellington Island,Wellington Island → Perumbavoor,backward
r13881662,r13881661,High Court ↔ Kottuvally,High Court → Kottuvally,forward
r13881662,r13881660,High Court ↔ Kottuvally,Kottuvally → High Court,backward
r13881684,r13881682,Ambalamugal ↔ Kakkanad,Ambalamugal → Kakkanad,forward
r13881684,r13881683,Ambalamugal ↔ Kakkanad,Kakkanad → Ambalamugal,backward
r13881708,r13881706,Kalamassery ↔ Mulanthuruthy,Kalamassery → Mulanthuruthy,forward
r13881708,r13881707,Kalamassery ↔ Mulanthuruthy,Mulanthuruthy → Kalamassery,backward
r13881745,r13881744,Ernakulam South ↔ Perumpadappu,Ernakulam South → Perumpadappu,forward
r13881745,r13881743,Ernakulam South ↔ Perumpadappu,Perumpadappu → Ernakulam South,backward
r13881798,r13881797,Poothotta ↔ Thrippoonithura,Poothotta → Thrippoonithura,forward
r13881798,r13881796,Poothotta ↔ Thrippoonithura,Thrippoonithura → Poothotta,backward
r13881820,r13881818,Poothotta ↔ Kakkanad CEPZ,Kakkanad CEPZ → Poothotta,backward
r13881820,r13881819,Poothotta ↔ Kakkanad CEPZ,Poothotta → Kakkanad CEPZ,forward
r13881825,r13881823,Thrippoonithura ↔ Kakkanad CEPZ,Kakkanad CEPZ → Thrippoonithura,backward
r13881825,r13881824,Thrippoonithura ↔ Kakkanad CEPZ,Thrippoonithura → Kakkanad CEPZ,forward
r13881885,r13881883,Ambalamugal ↔ Thrippoonithura,Ambalamugal → Thrippoonithura,forward
r13881885,r13881884,Ambalamugal ↔ Thrippoonithura,Thrippoonithura → Ambalamugal,backward
r13881908,r13881906,Thrippoonithura ↔ Elamakkara,Elamakkara → Thrippoonithura,backward
r13881908,r13881907,Thrippoonithura ↔ Elamakkara,Thrippoonithura → Elamakkara,forward
r13881936,r13881935,Thrippoonithura ↔ Thrippoonithura,Thrippoonithura → Thrippoonithura,forward
r13882036,r13882035,Chottanikkara ↔ High Court,Chottanikkara → High Court,forward
r13882036,r13882034,Chottanikkara ↔ High Court,High Court → Chottanikkara,backward
r13882058,r13882056,Kaloor ↔ Aroor,Aroor → Kaloor,backward
r13882058,r13882057,Kaloor ↔ Aroor,Kaloor → Aroor,forward
r13882166,r13882165,Vyttila ↔ Perumbavoor,Perumbavoor → Vyttila,backward
r13882166,r13882164,Vyttila ↔ Perumbavoor,Vyttila → Perumbavoor,forward
r13882191,r13882189,Kaloor ↔ Poothotta,Kaloor → Poothotta,forward
r13882191,r13882190,Kaloor ↔ Poothotta,Poothotta → Kaloor,backward
r13884598,r13884597,Amrutha Hospital ↔ Ankamaly,Amrutha Hospital → Ankamaly,forward
r13884598,r13884596,Amrutha Hospital ↔ Ankamaly,Ankamaly → Amrutha Hospital,backward
