line_id,name,code,colour,operator,network,mode
r10831465,Vypin ↔ Fort Kochi (Ro Ro),,,KSWTD,Kochi city boat,ferry
r10831516,High Court ↔ Nedungad (via Vypin),,,Private Owners,Mofussil Kochi bus,bus
r10831517,Manjanakad ↔ High Court,,,Private Owners,Mofussil Kochi bus,bus
r10831518,North Paravur ↔ High Court (via Vypin),,,Private Owners,Mofussil Kochi bus,bus
r12759113,Munambam ↔ High Court (via Vypin),,,Private Owners,Mofussil Kochi bus,bus
r12759289,North Paravur ↔ Ernakulam Boat Jetty,,,KSRTC,Ordinary bus,bus
r13374892,North Paravur ↔ Kottuvally South (via Athani),,,Private Owners,Mofussil Kochi bus,bus
r13374893,North Paravur ↔ Munambam,,,Private Owners,Mofussil Kochi bus,bus
r13478965,North Paravur ↔ Ezhikkara,,,Private Owners,Mofussil Kochi bus,bus
r13489073,Fort Kochi ↔ Edakochi,,,Private Owners,Kochi city bus,bus
r13497147,High Court ↔ Panambukad (Vallarpadam),,,Private Owners,Mofussil Kochi bus,bus
r13498566,Ernakulam ↔ Vypin,,,KSWTD,Kochi city boat,ferry
r13498742,Ernakulam ↔ Fort Kochi,,,KSWTD,Kochi city boat,ferry
r13498857,Ernakulam ↔ Fort Kochi via Wellington Island,,,KSWTD,Kochi city boat,ferry
r13500567,"Vyttila Mobility Hub ↔ Vyttila Mobility Hub (clockwise, via Kadavanthra and Palarivattam bypass)",,,Private Owners,Kochi city bus,bus
r13500673,"Vyttila Mobility Hub ↔ Vyttila Mobility Hub (anti-clockwise, via Thamannam and Kadavanthara)",,,Private Owners,Kochi city bus,bus
r13500936,Fort Kochi ↔ Kumbalangi,,,Private Owners,Kochi city bus,bus
r13510567,Aluva ↔ Fort Kochi via Menaka,,,Private Owners,Kochi city bus,bus
r13526775,Aluva ↔ North Paravur,,,Private Owners,Mofussil Kochi bus,bus
r13531471,Aluva ↔ Perumbavoor (via Rajagiri),,,Private Owners,Mofussil Kochi bus,bus
r13531919,Ankamaly ↔ Perumbavoor,,,Private Owners,Mofussil Kochi bus,bus
r13531974,Ankamaly ↔ Kalady,,,Private Owners,Mofussil Kochi bus,bus
r13534968,Aluva ↔ Perumpadappu,,,Private Owners,Kochi city bus,bus
r13535512,Fort Kochi ↔ Wellington Island,,,Private Owners,Kochi city bus,bus
r13539090,Aluva ↔ Wellington Island,,,Private Owners,Kochi city bus,bus
r13544303,Aluva ↔ Chellanam (via Menaka),,,Private Owners,Kochi city bus,bus
r13544888,Fort Kochi ↔ Kakkanad (via Menaka),,,Private Owners,Kochi city bus,bus
r13545124,Aluva ↔ Thoppumpady via Menaka,,,Private Owners,Kochi city bus,bus
r13546166,Mattancherry ↔ Edakochi,,,Private Owners,Kochi city bus,bus
r13546546,Kakkanad ↔ Thevara,,,Private Owners,Kochi city bus,bus
r13548914,Kaloor ↔ North Paravur,,,Private Owners,Mofussil Kochi bus,bus
r13549451,Aluva ↔ Fort Kochi via Padma,,,Private Owners,Kochi city bus,bus
r13551368,Ankamaly ↔ North Paravur,,,Private Owners,Mofussil Kochi bus,bus
r13551491,Cheranellore ↔ Mattancherry (via Chittoor),,,Private Owners,Kochi city bus,bus
r13552378,Chittortemple ↔ Mattancherry,,,Private Owners,Kochi city bus,bus
r13553060,Aluva ↔ Mattancherry via Padma,,,Private Owners,Kochi city bus,bus
r13553068,North Paravur ↔ Vyttila (via Koonammavu),,,Private Owners,Mofussil Kochi bus,bus
r13553738,Aluva ↔ Cochinshipyard,,,Private Owners,Kochi city bus,bus
r13555115,Aluva ↔ Elavoor,,,Private Owners,Mofussil Kochi bus,bus
r13556486,Aluva ↔ Thevara,,,Private Owners,Kochi city bus,bus
r13557270,Chittortemple ↔ Kumbalangi,,,Private Owners,Kochi city bus,bus
r13561115,Kakkanad ↔ Perumpadappu (via Menaka),,,Private Owners,Kochi city bus,bus
r13561410,Aluva ↔ Varapuzha (via Kodungalloor),,,Private Owners,Mofussil Kochi bus,bus
r13561807,Cheranellore ↔ Thevara,,,Private Owners,Kochi city bus,bus
r13562297,Mattancherry ↔ Kumbalangi,,,Private Owners,Kochi city bus,bus
r13562583,Aluva ↔ Ernakulam South,,,Private Owners,Kochi city bus,bus
r13562613,Aluva ↔ Thevara (via NAD and Padma),,,Private Owners,Kochi city bus,bus
r13562704,Fort Kochi ↔ Perumpadappu,,,Private Owners,Kochi city bus,bus
r13562782,Aluva ↔ Mattancherry via Menaka,,,Private Owners,Kochi city bus,bus
r13563616,Cheranellore ↔ Fort Kochi (via Menaka),,,Private Owners,Kochi city bus,bus
r13563806,Aluva ↔ Konthuruthy,,,Private Owners,Kochi city bus,bus
r13568407,Chittoor Temple ↔ Edakochi,,,Private Owners,Kochi city bus,bus
r13570055,Chellanam ↔ Vyttila,,,Private Owners,Mofussil Kochi bus,bus
r13570067,Aluva ↔ Kumbalangi,,,Private Owners,Kochi city bus,bus
r13570075,Wellington Island ↔ Kumbalangi,,,Private Owners,Kochi city bus,bus
r13570706,Eloor ↔ Fort Kochi,,,Private Owners,Kochi city bus,bus
r13571046,Chittortemple ↔ Panangad,,,Private Owners,Kochi city bus,bus
r13571066,Cheranellore ↔ Panangad,,,Private Owners,Kochi city bus,bus
r13571179,Puthukkalavattom ↔ Thevara,,,Private Owners,Kochi city bus,bus
r13571525,Aluva ↔ Ankamaly,,,Private Owners,Mofussil Kochi bus,bus
r13573162,Aluva ↔ Panangad,,,Private Owners,Kochi city bus,bus
r13574912,Edakochi ↔ Kakkanad,,,Private Owners,Kochi city bus,bus
r13575127,Kakkanad ↔ Panangad,,,Private Owners,Kochi city bus,bus
r13575547,Eloor ↔ Mattancherry,,,Private Owners,Kochi city bus,bus
r13577501,Kaloor ↔ Poothotta,,,Private Owners,Kochi city bus,bus
r13586170,Kaloor ↔ Poothotta (via Kathrikadvu Road),,,Private Owners,Mofussil Kochi bus,bus
r13589067,Aluva ↔ Poothotta,,,Private Owners,Kochi city bus,bus
r13590426,Aluva ↔ Chottanikara,,,Private Owners,Kochi city bus,bus
r13590488,Aluva ↔ Eloor,,,Private Owners,Kochi city bus,bus
r13594889,Aluva ↔ Wellington Island (via NAD and Padma),,,Private Owners,Kochi city bus,bus
r13595088,Aluva ↔ Thoppumpady via Padma,,,Private Owners,Kochi city bus,bus
r13600778,Edakochi ↔ Ponekkara,,,Private Owners,Kochi city bus,bus
r13601640,Aluva ↔ Kalamassery,,,Private Owners,Mofussil Kochi bus,bus
r13606652,Kumbalangi ↔ Ponekkara,,,Private Owners,Kochi city bus,bus
r13606821,Mattancherry ↔ Ponekkara,,,Private Owners,Kochi city bus,bus
r13606906,Thrippoonithura ↔ Vyttila Mobility Hub,,,Private Owners,Kochi city bus,bus
r13606972,Aluva ↔ Keezhmadu,,,Private Owners,Mofussil Kochi bus,bus
r13609456,High Court ↔ Njarakkal (via Vypin and Light House),,,Private Owners,Mofussil Kochi bus,bus
r13610212,High Court ↔ Poothotta,,,Private Owners,Kochi city bus,bus
r13610332,Kakkanad ↔ Konthuruthy,,,Private Owners,Kochi city bus,bus
r13610565,Cheranelloor ↔ Perumpadappu,,,Private Owners,Kochi city bus,bus
r13610651,Cheranelloor ↔ Kadavanthra,,,Private Owners,Kochi city bus,bus
r13610769,Cheranelloor ↔ High Court,,,Private Owners,Mofussil Kochi bus,bus
r13611748,Chellanam ↔ Cheranellore,,,Private Owners,Kochi city bus,bus
r13612020,Aluva ↔ Kalady (via Puthiyedam),,,Private Owners,Mofussil Kochi bus,bus
r13612174,Eloor ↔ Ernakulam Jetty,,,Private Owners,Kochi city bus,bus
r13616539,Kadamakkudy ↔ Vyttila Mobility Hub,,,Private Owners,Mofussil Kochi bus,bus
r13616622,High Court ↔ Mulavukad,,,Private Owners,Mofussil Kochi bus,bus
r13617326,Chittoor Temple ↔ Chottanikara,,,Private Owners,Kochi city bus,bus
r13617406,Perumpadappu ↔ Amritha Hospital,,,Private Owners,Kochi city bus,bus
r13619058,Chittoor Ferry ↔ Fort Kochi,,,Private Owners,Kochi city bus,bus
r13619115,Aluva ↔ Thevara (via Menaka),,,Private Owners,Kochi city bus,bus
r13626159,High Court ↔ Pukkad,,,Private Owners,Mofussil Kochi bus,bus
r13626314,Chittoor Ferry ↔ Mattancherry,,,Private Owners,Kochi city bus,bus
r13626336,Fort Kochi ↔ Kaloor,,,Private Owners,Kochi city bus,bus
r13626947,Chittoor Ferry ↔ Thevara,,,Private Owners,Kochi city bus,bus
r13627018,Fort Kochi ↔ Ponekkara,,,Private Owners,Kochi city bus,bus
r13627037,Chellanam ↔ Kaloor,,,Private Owners,Kochi city bus,bus
r13627109,Chittoor Temple ↔ Perumpadappu,,,Private Owners,Kochi city bus,bus
r13627138,Cheranelloor ↔ Edakochi,,,Private Owners,Kochi city bus,bus
r13628936,High Court ↔ Thrippoonithura,,,Private Owners,Kochi city bus,bus
r13629035,Chittoor Ferry ↔ Thrippoonithura,,,Private Owners,Kochi city bus,bus
r13629056,Fort Kochi ↔ Palluruthy,,,Private Owners,Kochi city bus,bus
r13629057,North Paravur ↔ High Court,,,Private Owners,Mofussil Kochi bus,bus
r13629058,Munambam ↔ High Court,,,Private Owners,Mofussil Kochi bus,bus
r13629393,Aluva ↔ Thrippoonithura (via Palikkara),,,Private Owners,Kochi city bus,bus
r13635071,Cheranellore ↔ Fort Kochi (via Padma),,,Private Owners,Kochi city bus,bus
r13637600,North Paravur ↔ Vyttila (via Kottuvalli),,,Private Owners,Mofussil Kochi bus,bus
r13637925,North Paravur ↔ Kadamakkudy,,,Private Owners,Mofussil Kochi bus,bus
r13638090,North Paravur ↔ Kottayil Kovilakam,,,Private Owners,Mofussil Kochi bus,bus
r13638179,High Court ↔ Appangad,,,Private Owners,Mofussil Kochi bus,bus
r13641243,Cheranelloor ↔ Mundamveli,,,Private Owners,Kochi city bus,bus
r13641520,Aluva ↔ Thrippoonithura,,,Private Owners,Mofussil Kochi bus,bus
r13641805,Aluva ↔ Perumbavoor (via Kizhakambalam and Kadalikunnu),,,Private Owners,Mofussil Kochi bus,bus
r13641967,Kaloor ↔ Kumbalangi,,,Private Owners,Mofussil Kochi bus,bus
r13642113,Kakkanad ↔ Ernakulam South,,,Private Owners,Kochi city bus,bus
r13642226,Ponekkara ↔ Ernakulam Boat Jetty,,,Private Owners,Kochi city bus,bus
r13642293,Kaloor ↔ Panangad,,,Private Owners,Kochi city bus,bus
r13642446,Aluva ↔ Karimugal,,,Private Owners,Mofussil Kochi bus,bus
r13642666,Aluva ↔ Edayar,,,Private Owners,Mofussil Kochi bus,bus
r13642737,Vyttila ↔ Varapuzha,,,Private Owners,Mofussil Kochi bus,bus
r13644289,Cheranelloor ↔ Thevara Ferry (via Chittor and Menaka),,,Private Owners,Kochi city bus,bus
r13644321,Chittoor ↔ Thevara Ferry,,,Private Owners,Kochi city bus,bus
r13644432,Ponekkara ↔ Thevara Ferry,,,Private Owners,Kochi city bus,bus
r13644659,Kakkanad ↔ Perumbavoor,,,Private Owners,Mofussil Kochi bus,bus
r13644836,Kakkanad ↔ Thrippoonithura,,,Private Owners,Mofussil Kochi bus,bus
r13645172,Thrippoonithura ↔ Infopark,,,Private Owners,Mofussil Kochi bus,bus
r13645287,Aluva ↔ Puthencruz (via Pazhamthottam),,,Private Owners,Mofussil Kochi bus,bus
r13645363,Aluva ↔ Puthencruz (via Poothanamparambu),,,Private Owners,Mofussil Kochi bus,bus
r13645795,North Paravur ↔ Kottuvally South (via Kalikulangara),,,Private Owners,Mofussil Kochi bus,bus
r13646546,Aluva ↔ Cochinshipyard,,,Private Owners,Mofussil Kochi bus,bus
r13648803,Chittoor ↔ Kochu Kadavanthara,,,Private Owners,Kochi city bus,bus
r13648844,Thrippoonithura ↔ Perumbavoor (via Kizhakkambalam),,,Private Owners,Mofussil Kochi bus,bus
r13649197,Mattancherry ↔ Pukkattupady,,,Private Owners,Kochi city bus,bus
r13649217,Fort Kochi ↔ Pukkattupady,,,Private Owners,Kochi city bus,bus
r13649242,Kakkanad ↔ Mattancherry,,,Private Owners,Kochi city bus,bus
r13649914,Chellanam ↔ Thoppumpady,,,Private Owners,Kochi city bus,bus
r13653991,Ponekkara ↔ Thevara,,,Private Owners,Kochi city bus,bus
r13656366,Chittethukara ↔ Fort Kochi,,,Private Owners,Kochi city bus,bus
r13656569,Kakkanad ↔ Wellington Island,,,Private Owners,Kochi city bus,bus
r13656692,Eloor ↔ Kadavanthra,,,Private Owners,Kochi city bus,bus
r13656752,Eloor ↔ Wellington Island,,,Private Owners,Kochi city bus,bus
r13657023,Eloor ↔ Kumbalam,,,Private Owners,Kochi city bus,bus
r13657357,Aluva ↔ Manjali (via Athani),,,Private Owners,Mofussil Kochi bus,bus
r13663933,North Paravur ↔ Perumbavoor,,,Private Owners,Mofussil Kochi bus,bus
r13667682,Chottanikkara ↔ Kothad Ferry,,,Private Owners,Kochi city bus,bus
r13668802,Chittoor Temple ↔ Fort Kochi,,,Private Owners,Kochi city bus,bus
r13669763,Kakkanad ↔ Perumpadappu (via Padma),,,Private Owners,Kochi city bus,bus
r13669818,Ernakulam South ↔ North Paravur,,,Private Owners,Mofussil Kochi bus,bus
r13669870,Perumpadappu ↔ Chittoor Ferry,,,Private Owners,Kochi city bus,bus
r13670060,Perumpadappu ↔ Kaloor,,,Private Owners,Kochi city bus,bus
r13671522,Thevara Ferry ↔ Kakkanad,,,Private Owners,Kochi city bus,bus
r13671533,Eloor Dippo ↔ Thevara ferry,,,Private Owners,Kochi city bus,bus
r13671558,Chellanam ↔ Chittoor,,,Private Owners,Kochi city bus,bus
r13671857,Cheranellore ↔ Mattancherry (via Edapally Bypass),,,Private Owners,Kochi city bus,bus
r13672029,Aluva ↔ Varapuzha (via via UC College and Alangad),,,Private Owners,Mofussil Kochi bus,bus
r13672401,Fort Kochi ↔ Thuthiyoor,,,Private Owners,Kochi city bus,bus
r13672568,Cheranelloor ↔ Puthiakavu,,,Private Owners,Kochi city bus,bus
r13672587,Thevara ↔ Thuthiyoor,,,Private Owners,Kochi city bus,bus
r13672630,Aluva ↔ Pathalam,,,Private Owners,Mofussil Kochi bus,bus
r13672764,Chellanam ↔ Thoppumpady,,,Private Owners,Mofussil Kochi bus,bus
r13673125,Thrippoonithura ↔ Thoppumpady,,,Private Owners,Mofussil Kochi bus,bus
r13673203,Kaloor ↔ Gonduparambu,,,Private Owners,Mofussil Kochi bus,bus
r13673315,Munambam ↔ Thathapilly,,,Private Owners,Mofussil Kochi bus,bus
r13673318,Fort Kochi ↔ Methanam (Eloor North),,,Private Owners,Kochi city bus,bus
r13673330,North Paravur ↔ Thathappilly,,,Private Owners,Mofussil Kochi bus,bus
r13673356,Edappally ↔ Vyttila,,,Private Owners,Mofussil Kochi bus,bus
r13673475,Pallithode ↔ Thoppumpady,,,Private Owners,Mofussil Kochi bus,bus
r13673497,High court ↔ Poothotta,,,Private Owners,Mofussil Kochi bus,bus
r13674025,North Paravur ↔ Chennur,,,Private Owners,Mofussil Kochi bus,bus
r13674447,Chellanam ↔ Kaloor,,,Private Owners,Mofussil Kochi bus,bus
r13675465,Aluva ↔ Aluva,,,Private Owners,Mofussil Kochi bus,bus
r13675601,Mannamthurth ↔ Munambam,,,Private Owners,Mofussil Kochi bus,bus
r13675635,Thrippoonithura ↔ Medical college (via Menaka),,,Private Owners,Kochi city bus,bus
r13675715,Fort Kochi ↔ Medical college,,,Private Owners,Kochi city bus,bus
r13675765,Fort Kochi ↔ Edachira,,,Private Owners,Kochi city bus,bus
r13675842,Fort Kochi ↔ KMP Nagar,,,Private Owners,Kochi city bus,bus
r13675967,Chittoor Temple ↔ Chottanikkara,,,Private Owners,Mofussil Kochi bus,bus
r13676122,Aluva ↔ Manjali (via Puthuvassery),,,Private Owners,Mofussil Kochi bus,bus
r13676171,Thrippoonithura ↔ Infopark,,,Private Owners,Kochi city bus,bus
r13676349,Thevara Ferry ↔ Elamakkara,,,Private Owners,Kochi city bus,bus
r13676385,Cheranelloor ↔ Thevara Ferry (via Elamakkara and Menaka),,,Private Owners,Kochi city bus,bus
r13676418,Kothad Ferry ↔ Thevara,,,Private Owners,Kochi city bus,bus
r13676422,Chittoor Ferry ↔ Kumbalam,,,Private Owners,Mofussil Kochi bus,bus
r13676487,Thrippoonithura ↔ Perumbavoor (via Pattimattom),,,Private Owners,Mofussil Kochi bus,bus
r13676537,Fort Kochi ↔ Kakkanad (via Padma),,,Private Owners,Kochi city bus,bus
r13677217,Munambam ↔ Ankamaly,,,Private Owners,Mofussil Kochi bus,bus
r13678268,North Paravur ↔ Panangad,,,Private Owners,Mofussil Kochi bus,bus
r13679145,Munambam ↔ Kottuvally South,,,Private Owners,Mofussil Kochi bus,bus
r13679265,Munambam ↔ Cheranellore,,,Private Owners,Mofussil Kochi bus,bus
r13679626,Aluva ↔ Kothad Ferry,,,Private Owners,Mofussil Kochi bus,bus
r13689658,Aluva ↔ Vyttila Mobility Hub,,,Private Owners,Mofussil Kochi bus,bus
r13691656,Cherai ↔ Ernakulam Boat Jetty,,,KSRTC,Ordinary bus,bus
r13718237,Kaloor ↔ Poothotta (via Padma),,,Private Owners,Mofussil Kochi bus,bus
r13718887,Fort Kochi ↔ Puthukkalavattom,,,Private Owners,Kochi city bus,bus
r13718986,Poothotta ↔ Puthukkalavattom,,,Private Owners,Mofussil Kochi bus,bus
r13719331,Chottanikkara ↔ Puthukkalavattom,,,Private Owners,Kochi city bus,bus
r13724742,Cheranellore ↔ Thrippoonithura (via Maradu),,,Private Owners,Kochi city bus,bus
r13725408,Perumbavoor ↔ Thevara,,,Private Owners,Mofussil Kochi bus,bus
r13725470,Chellanam ↔ Methanam,,,Private Owners,Kochi city bus,bus
r13725518,Chittethukara ↔ Thevara,,,Private Owners,Kochi city bus,bus
r13749933,High Court ↔ Njarakkal (via Light House),,,Private Owners,Mofussil Kochi bus,bus
r13749958,High Court ↔ Njarakkal,,,Private Owners,Mofussil Kochi bus,bus
r13749971,High Court ↔ Njarakkal (via Vypin),,,Private Owners,Mofussil Kochi bus,bus
r13750047,Aluva ↔ Ernakulam South (via Menaka),,,Private Owners,Kochi city bus,bus
r13750103,Aluva ↔ Wellington Island (via Menaka),,,Private Owners,Kochi city bus,bus
r13750121,Aluva ↔ Chittoorferry,,,Private Owners,Mofussil Kochi bus,bus
r13750132,Chittoor Temple ↔ Thevara,,,Private Owners,Kochi city bus,bus
r13750190,Eloor ↔ Poothotta (via Menaka),,,Private Owners,Kochi city bus,bus
r13750199,Chellanam ↔ High Court,,,Private Owners,Kochi city bus,bus
r13750240,Eloor ferry ↔ Gandhinagar,,,Private Owners,Kochi city bus,bus
r13750380,"Vyttila Mobility Hub ↔ Vyttila Mobility Hub (anti-clockwise, via Palarivattom Bypass, Kadavanthara)",,,Private Owners,Kochi city bus,bus
r13750469,"Vyttila Mobility Hub ↔ Vyttila Mobility Hub (clockwise, via Kadavanthara and Thamannam)",,,Private Owners,Kochi city bus,bus
r13750488,Aluva ↔ Edakochi,,,Private Owners,Kochi city bus,bus
r13750598,Thrippoonithura ↔ Thrippoonithura,,,Private Owners,Kochi city bus,bus
r13750640,Chottanikkara ↔ Elamakkara,,,Private Owners,Kochi city bus,bus
r13750694,Kakkanad ↔ North Paravur,,,Private Owners,Mofussil Kochi bus,bus
r13754397,Edakochi ↔ Thuthiyoor,,,Private Owners,Kochi city bus,bus
r13755059,Thuthiyoor ↔ Pambayimoola,,,Private Owners,Kochi city bus,bus
r13755126,Kothad Church ↔ Kundannoor,,,Private Owners,Kochi city bus,bus
r13755241,Kundannoor ↔ Kundannoor,,,Private Owners,Kochi city bus,bus
r13755265,Aluva ↔ Palluruthy,,,Private Owners,Kochi city bus,bus
r13755297,Thrippoonithura ↔ Puthencruz,,,Private Owners,Mofussil Kochi bus,bus
r13755381,Kadavanthra ↔ Kadavanthra,,,Private Owners,Kochi city bus,bus
r13755423,Thevara Ferry ↔ Kakkanad CEPZ,,,Private Owners,Kochi city bus,bus
r13758565,Chittethukara ↔ Kumbalangi,,,Private Owners,Kochi city bus,bus
r13758647,Kakkanad ↔ Kumbalangi,,,Private Owners,Kochi city bus,bus
r13758901,Fort Kochi ↔ Palarivattom,,,Private Owners,Kochi city bus,bus
r13758931,Chellanam ↔ Fort Kochi,,,Private Owners,Kochi city bus,bus
r13761899,Cheranellore ↔ Kumbalangi,,,Private Owners,Kochi city bus,bus
r13761930,Chellanam ↔ Palarivattom,,,Private Owners,Kochi city bus,bus
r13761960,Thrippoonithura ↔ Wellington Island,,,Private Owners,Mofussil Kochi bus,bus
r13761992,Cheranellore ↔ Thrippoonithura,,,Private Owners,Kochi city bus,bus
r13762115,Aluva ↔ Kalady,,,Private Owners,Mofussil Kochi bus,bus
r13775320,Chottanikkara ↔ Kaloor (via Menaka),,,Private Owners,Kochi city bus,bus
r13781303,Kaloor ↔ Kumbalangi,,,Private Owners,Kochi city bus,bus
r13781430,Kaloor ↔ Pukkattupady,,,Private Owners,Mofussil Kochi bus,bus
r13781463,Ernakulam South ↔ Perumbavoor,,,Private Owners,Mofussil Kochi bus,bus
r13781491,Kaloor ↔ Thrippoonithura,,,Private Owners,Kochi city bus,bus
r13781528,Aluva ↔ Kaloor,,,Private Owners,Mofussil Kochi bus,bus
r13791383,High Court ↔ Nedungad,,,Private Owners,Mofussil Kochi bus,bus
r13791384,Manjanakad ↔ High Court (via Vypin),,,Private Owners,Mofussil Kochi bus,bus
r13791533,North Paravur ↔ Kadamakkudy (via Pizhalakadavu),,,Private Owners,Mofussil Kochi bus,bus
r13791621,Cheranellore ↔ Thrippoonithura (via Pipeline),,,Private Owners,Kochi city bus,bus
r13791696,Cheranellore ↔ Thrippoonithura (via KK Road),,,Private Owners,Kochi city bus,bus
r13791758,Cheranellore ↔ Fort Kochi,,,Private Owners,Kochi city bus,bus
r13792383,Eroor ↔ Eroor,,,Private Owners,Kochi city bus,bus
r13792747,Thrippoonithura ↔ Medical college (via Bypass),,,Private Owners,Kochi city bus,bus
r13792775,Kozhivettumveli ↔ Kozhivettumveli,,,Private Owners,Kochi city bus,bus
r13792894,Aluva ↔ Chathamma,,,Private Owners,Kochi city bus,bus
r13792943,Kakkanad ↔ Manakkakadavu,,,Private Owners,Mofussil Kochi bus,bus
r13793165,Aluva ↔ Illichuvadu Junction,,,Private Owners,Kochi city bus,bus
r13796243,North Paravur ↔ Vypin,,,Private Owners,Mofussil Kochi bus,bus
r13810977,Thevara ↔ Pukkattupady,,,Private Owners,Mofussil Kochi bus,bus
r13812889,Ernakulam Boat Jetty ↔ Pizhala,,,KSRTC,Ordinary bus,bus
r13813338,Aluva ↔ Thrippoonithura,,,KSRTC,Ordinary bus,bus
r13818643,Piravom ↔ Vyttila,,,KSRTC,Ordinary bus,bus
r13825414,High Court ↔ Appangad (via Vypin),,,Private Owners,Mofussil Kochi bus,bus
r13825425,Vyttila ↔ Gonduparambu,,,Private Owners,Mofussil Kochi bus,bus
r13825502,Perumbavoor ↔ Thevara Ferry,,,Private Owners,Mofussil Kochi bus,bus
r13825517,Chettibhagam ↔ Kadamakudy,,,Private Owners,Mofussil Kochi bus,bus
r13825522,Chettibhagam ↔ North Paravur,,,Private Owners,Mofussil Kochi bus,bus
r13825532,Chettibhagam ↔ Pizhalakkadavu,,,Private Owners,Mofussil Kochi bus,bus
r13834627,Edachira ↔ Ernakulam South,,,Private Owners,Kochi city bus,bus
r13834680,Kumbalangi ↔ Thoppumpady,,,Private Owners,Kochi city bus,bus
r13834697,Palarivattom ↔ Wellington Island,,,Private Owners,Kochi city bus,bus
r13834709,Ernakulam South ↔ Pukkattupady,,,Private Owners,Kochi city bus,bus
r13834767,Ernakulam South ↔ Thevara Ferry,,,Private Owners,Kochi city bus,bus
r13834780,Ernakulam South ↔ Thevara Junction,,,Private Owners,Kochi city bus,bus
r13834820,Kadamakudy ↔ Pizhalakkadavu,,,Private Owners,Mofussil Kochi bus,bus
r13834840,Aluva ↔ Muppathadam,,,Private Owners,Mofussil Kochi bus,bus
r13834852,Aluva ↔ Vattapparambu,,,Private Owners,Mofussil Kochi bus,bus
r13835426,Chittethukara ↔ Thevara Ferry,,,Private Owners,Kochi city bus,bus
r13835478,Aluva ↔ NAD,,,Private Owners,Kochi city bus,bus
r13835644,Medical College ↔ Poothotta,,,Private Owners,Kochi city bus,bus
r13835657,Aluva ↔ Eloor,,,Private Owners,Mofussil Kochi bus,bus
r13837312,Aluva ↔ Ernakulam South,,,Private Owners,Mofussil Kochi bus,bus
r13837374,Chottanikkara ↔ Ponekkara,,,Private Owners,Kochi city bus,bus
r13837511,Chittethukara ↔ Perumpadappu,,,Private Owners,Kochi city bus,bus
r13837569,Eloor ↔ Poothotta (via Bypass),,,Private Owners,Kochi city bus,bus
r13837630,Aluva ↔ Chottanikkara (via Bypass),,,Private Owners,Kochi city bus,bus
r13837791,Chottanikkara ↔ Kaloor (via Bypass),,,Private Owners,Kochi city bus,bus
r13837821,Kaloor ↔ Thrippoonithura,,,Private Owners,Mofussil Kochi bus,bus
r13838046,Poothota ↔ Irumpanam,,,Private Owners,Mofussil Kochi bus,bus
r13838061,Poothota ↔ Perumbavoor,,,Private Owners,Mofussil Kochi bus,bus
r13838092,Kakkanad ↔ Poothotta,,,Private Owners,Mofussil Kochi bus,bus
r13838211,Kakkanad ↔ Chellanam,,,Private Owners,Mofussil Kochi bus,bus
r13838258,Edakochi ↔ Puthukkalavattom,,,Private Owners,Kochi city bus,bus
r13838449,Chittoor ↔ Eroor,,,Private Owners,Kochi city bus,bus
r13838501,Eroor ↔ Kothad Ferry,,,Private Owners,Kochi city bus,bus
r13838567,Aluva ↔ Chottanikkara (via Ponekkara),,,Private Owners,Kochi city bus,bus
r13838750,North Paravur ↔ Thevara Junction,,,Private Owners,Mofussil Kochi bus,bus
r13838881,North Paravur ↔ Chathanad,,,KSRTC,Ordinary bus,bus
r13838898,Kaloor ↔ Chathanad,,,Private Owners,Mofussil Kochi bus,bus
r13839195,Aluva ↔ North Paravur,,,KSRTC,Ordinary bus,bus
r13839224,Thrippoonithura ↔ Thoppumpady,,,Private Owners,Kochi city bus,bus
r13839959,Kaloor ↔ Nechoor,,,Private Owners,Mofussil Kochi bus,bus
r13840066,Kaloor ↔ Amaeda,,,Private Owners,Kochi city bus,bus
r13840073,Kakkanad ↔ Thrippoonithura,,,KSRTC,Ordinary bus,bus
r13840084,Aluva ↔ Chellanam (via Padma),,,Private Owners,Kochi city bus,bus
r13840178,Aluva ↔ Vyttila,,,KSRTC,Ordinary bus,bus
r13840234,Kundannoor ↔ Vyttila,,,KSRTC,Ordinary bus,bus
r13840281,Aluva ↔ Ankamaly,,,KSRTC,Ordinary bus,bus
r13840365,Aluva ↔ Kakkanad,,,KSRTC,Ordinary bus,bus
r13847529,Ankamaly ↔ Thoppumpady,,,KSRTC,Ordinary bus,bus
r13850236,Ankamaly ↔ Ernakulam Boat Jetty,,,KSRTC,Ordinary bus,bus
r13850732,North Paravur ↔ Vyttila,,,KSRTC,Ordinary bus,bus
r13874627,Edachira ↔ Edakochi,,,Private Owners,Kochi city bus,bus
r13874633,Elamakkara ↔ Ernakulam South,,,Private Owners,Kochi city bus,bus
r13874700,Thevara Junction ↔ Edachira,,,Private Owners,Kochi city bus,bus
r13874701,Edachira ↔ Pambayimoola,,,Private Owners,Kochi city bus,bus
r13874787,Thuthiyoor ↔ Ernakulam South,,,Private Owners,Kochi city bus,bus
r13874795,Thuthiyoor ↔ Thevara Ferry,,,Private Owners,Kochi city bus,bus
r13874803,Chittethukara ↔ Kakkanad,,,Private Owners,Kochi city bus,bus
r13874892,Kakkanad ↔ Mundamveli,,,Private Owners,Kochi city bus,bus
r13874910,Thuthiyoor ↔ Mundamveli,,,Private Owners,Kochi city bus,bus
r13874972,Kakkanad CEPZ ↔ Fortkochi,,,Private Owners,Kochi city bus,bus
r13874992,Kakkanad CEPZ ↔ Thevara Junction,,,Private Owners,Kochi city bus,bus
r13875009,Chittethukara ↔ Edakochi,,,Private Owners,Kochi city bus,bus
r13875069,Kaloor ↔ Poothotta (via Menaka),,,Private Owners,Kochi city bus,bus
r13875116,Chittethukara ↔ Poothotta (via Menaka),,,Private Owners,Kochi city bus,bus
r13875148,Chittethukara ↔ Mundamveli,,,Private Owners,Kochi city bus,bus
r13876531,Mattancherry ↔ Nilampathijamukal,,,Private Owners,Kochi city bus,bus
r13876545,Konthuruthy ↔ Nilampathijamukal,,,Private Owners,Kochi city bus,bus
r13876572,Thevakkal ↔ Kakkanad,,,Private Owners,Kochi city bus,bus
r13876608,Chittethukara ↔ Konthuruthy,,,Private Owners,Kochi city bus,bus
r13876614,Kakkanad CEPZ ↔ Perumpadappu,,,Private Owners,Kochi city bus,bus
r13876620,Edachira ↔ Thevara Ferry,,,Private Owners,Kochi city bus,bus
r13876626,Chittethukara ↔ Ernakulam South,,,Private Owners,Kochi city bus,bus
r13876636,Thevakkal ↔ Thevara Ferry,,,Private Owners,Kochi city bus,bus
r13876652,Thevakkal ↔ Edakochi,,,Private Owners,Kochi city bus,bus
r13876655,Nilampathijamukal ↔ Mundamveli,,,Private Owners,Kochi city bus,bus
r13876681,Kavumthazham ↔ Thrippoonithura,,,Private Owners,Mofussil Kochi bus,bus
r13876761,Chittethukara ↔ Poothotta (via Padma),,,Private Owners,Kochi city bus,bus
r13876773,Chittethukara ↔ Poothotta (via Bypass),,,Private Owners,Kochi city bus,bus
r13876836,Nilampathijamukal ↔ Thevara Ferry,,,Private Owners,Kochi city bus,bus
r13876839,Fort Kochi ↔ Nilampathijamukal,,,Private Owners,Kochi city bus,bus
r13876847,Kakkanad ↔ Kaloor,,,Private Owners,Kochi city bus,bus
r13876859,Kakkanad CEPZ ↔ Edakochi,,,Private Owners,Kochi city bus,bus
r13876903,Kakkanad ↔ Medical College,,,Private Owners,Kochi city bus,bus
r13876930,Amrutha Hospital ↔ North Paravur,,,KSRTC,Ordinary bus,bus
r13880472,Kakkanad ↔ Kaloor,,,Private Owners,Mofussil Kochi bus,bus
r13880518,Kinfra ↔ Thrippoonithura,,,Private Owners,Mofussil Kochi bus,bus
r13880777,HMT Colony Junction ↔ Thrippoonithura,,,Private Owners,Mofussil Kochi bus,bus
r13880914,BM College ↔ Thrippoonithura,,,Private Owners,Mofussil Kochi bus,bus
r13880993,Padathikkara ↔ Thoppumpady,,,Private Owners,Mofussil Kochi bus,bus
r13881199,Padathikkara ↔ Thrippoonithura,,,Private Owners,Mofussil Kochi bus,bus
r13881291,Kinfra ↔ Kundannoor,,,Private Owners,Mofussil Kochi bus,bus
r13881313,Kinfra ↔ Thoppumpady,,,Private Owners,Mofussil Kochi bus,bus
r13881342,HMT Junction ↔ Thoppumpady,,,Private Owners,Mofussil Kochi bus,bus
r13881364,HMT Junction ↔ Kundannoor,,,Private Owners,Mofussil Kochi bus,bus
r13881373,Thrippoonithura ↔ Kalamassery,,,Private Owners,Mofussil Kochi bus,bus
r13881389,Kakkanad ↔ Kalamassery,,,Private Owners,Mofussil Kochi bus,bus
r13881486,Mulanthuruthy ↔ Kakkanad,,,Private Owners,Mofussil Kochi bus,bus
r13881505,Thrippoonithura ↔ Edachira,,,Private Owners,Mofussil Kochi bus,bus
r13881512,Thrippoonithura ↔ HMT Junction,,,Private Owners,Mofussil Kochi bus,bus
r13881577,Kakkanad ↔ Poothotta (via KK Road),,,Private Owners,Kochi city bus,bus
r13881584,Rajagiri ↔ High Court,,,Private Owners,Kochi city bus,bus
r13881608,Chellanam ↔ Kothad ferry,,,Private Owners,Kochi city bus,bus
r13881616,Perumbavoor ↔ Wellington Island,,,Private Owners,Mofussil Kochi bus,bus
r13881662,High Court ↔ Kottuvally,,,Private Owners,Mofussil Kochi bus,bus
r13881684,Ambalamugal ↔ Kakkanad,,,Private Owners,Kochi city bus,bus
r13881708,Kalamassery ↔ Mulanthuruthy,,,Private Owners,Mofussil Kochi bus,bus
r13881745,Ernakulam South ↔ Perumpadappu,,,Private Owners,Kochi city bus,bus
r13881798,Poothotta ↔ Thrippoonithura,,,Private Owners,Kochi city bus,bus
r13881820,Poothotta ↔ Kakkanad CEPZ,,,Private Owners,Kochi city bus,bus
r13881825,Thrippoonithura ↔ Kakkanad CEPZ,,,Private Owners,Kochi city bus,bus
r13881885,Ambalamugal ↔ Thrippoonithura,,,Private Owners,Kochi city bus,bus
r13881908,Thrippoonithura ↔ Elamakkara,,,Private Owners,Kochi city bus,bus
r13881936,Thrippoonithura ↔ Thrippoonithura,,,Private Owners,Mofussil Kochi bus,bus
r13882036,Chottanikkara ↔ High Court,,,Private Owners,Kochi city bus,bus
r13882058,Kaloor ↔ Aroor,,,Private Owners,Mofussil Kochi bus,bus
r13882166,Vyttila ↔ Perumbavoor,,,Private Owners,Mofussil Kochi bus,bus
r13882191,Kaloor ↔ Poothotta,,,Private Owners,Mofussil Kochi bus,bus
r13884598,Amrutha Hospital ↔ Ankamaly,,,KSRTC,Ordinary bus,bus
r13903189,Aroor ↔ Ernakulam South,,,KSRTC,Ordinary bus,bus
r13904698,Ernakulam south ↔ Poothotta,,,KSRTC,Ordinary bus,bus
r13906443,Ankamaly ↔ Thoppumpady (via Eloor),,,KSRTC,Ordinary bus,bus
r13906521,North Paravur ↔ Thathappilly,,,KSRTC,Ordinary bus,bus
r13907492,HMT ↔ Medical College,,,KSRTC,Ordinary bus,bus
r13909778,Ernakulam Boat Jetty ↔ Malliankara,,,KSRTC,Ordinary bus,bus
r13909820,Ernakulam South ↔ Piravom (via Nadakavu and Vettickal),,,KSRTC,Ordinary bus,bus
r13910486,Vyttila ↔ Aroor,,,KSRTC,Ordinary bus,bus
r13910537,Thoppumpady ↔ Aroor,,,KSRTC,Ordinary bus,bus
r13910734,Ernakulam South ↔ Piravom (via Maneed),,,KSRTC,Ordinary bus,bus
r13910870,High Court ↔ Mulavukad,,,KSWTD,Kochi city boat,ferry
r13911254,Ernakulam Boat Jetty ↔ Eloor,,,KSWTD,Kochi city boat,ferry
r13911262,Eloor ↔ Chittoor,,,KSWTD,Kochi city boat,ferry
r13911376,Chittoor ↔ Kadamakkudy,,,KSWTD,Kochi city boat,ferry
r13913117,Amrutha Hospital ↔ Perumbavoor,,,KSRTC,Ordinary bus,bus
r13913605,Piravom ↔ Vyttila (via Maneed),,,KSRTC,Ordinary bus,bus
r13913676,Eloor ↔ Thrippoonithura,,,KSRTC,Ordinary bus,bus
r13913784,Aluva ↔ Ernakulam Boat Jetty,,,KSRTC,Ordinary bus,bus
r13913848,High Court ↔ North Paravur,,,KSRTC,Ordinary bus,bus
r13913981,Kakkanad ↔ North Paravur,,,KSRTC,Ordinary bus,bus
r13914088,Aluva ↔ Perumbavoor,,,KSRTC,Ordinary bus,bus
r13914117,Ernakulam Boat Jetty ↔ Perumbavoor,,,KSRTC,Ordinary bus,bus
r13914137,Ernakulam South ↔ Perumbavoor,,,KSRTC,Ordinary bus,bus
r13914140,Poothotta ↔ Eloor,,,KSRTC,Ordinary bus,bus
r13914203,Amrutha Hospital ↔ Piravom,,,KSRTC,Ordinary bus,bus
r13914222,Ankamaly ↔ Thrippoonithura,,,KSRTC,Ordinary bus,bus
r13914247,Aluva ↔ Kalamassery,,,KSRTC,Ordinary bus,bus
r13916416,Aluva ↔ Thrippoonithura (via Kakkanad),,,Private Owners,Mofussil Kochi bus,bus
r13950508,Cherai ↔ Vypin,,,Private Owners,Mofussil Kochi bus,bus
r13951395,Munambam ↔ Vypin,,,Private Owners,Mofussil Kochi bus,bus
r13952129,Ernakulam South ↔ Puthukkalavattam,,,Private Owners,Mofussil Kochi bus,bus
r13953586,Aluva ↔ Thrippoonithura (via Kakkanad),,,Private Owners,Kochi city bus,bus
r13953621,Aluva ↔ Thrippoonithura (via Menaka),,,Private Owners,Kochi city bus,bus
r13953626,Irumpanam ↔ Thrippoonithura,,,Private Owners,Kochi city bus,bus
r13953641,Chittoor ↔ Kakkanad,,,Private Owners,Kochi city bus,bus
r13953702,Chottanikkara ↔ Pukkattupady,,,Private Owners,Kochi city bus,bus
r13953732,High Court ↔ Kakkanad,,,Private Owners,Kochi city bus,bus
r13953737,Kakkanad ↔ Poothotta,,,Private Owners,Kochi city bus,bus
r13954095,Infopark ↔ Karimugal,,,Private Owners,Mofussil Kochi bus,bus
r13954116,North Paravur ↔ Varapuzha,,,KSRTC,Ordinary bus,bus
r13954124,Thrippoonithura ↔ Kakkanad,,,Private Owners,Kochi city bus,bus
r13954345,Perumpadappu ↔ Mattancherry,,,Private Owners,Kochi city bus,bus
r13954356,Irumpanam ↔ Chittoor Temple,,,Private Owners,Kochi city bus,bus
r13954389,Kakkanad ↔ Palarivattom,,,Private Owners,Kochi city bus,bus
r13954410,Pukkattupady ↔ Thrippoonithura,,,Private Owners,Kochi city bus,bus
r13954424,Infopark ↔ Thevara Ferry,,,Private Owners,Kochi city bus,bus
r13954437,Infopark ↔ Ernakulam Boat Jetty,,,Private Owners,Kochi city bus,bus
r13954457,Edachira ↔ Ernakulam Boat Jetty,,,Private Owners,Kochi city bus,bus
r13954841,Kakkanad ↔ Poothotta (via Bypass),,,Private Owners,Kochi city bus,bus
r13956157,Kakkanad ↔ Chathamma,,,Private Owners,Kochi city bus,bus
r13956262,Ponekkara ↔ Perumpadappu,,,Private Owners,Kochi city bus,bus
r13957653,Thevakkal ↔ Kumbalam Railway Station,,,Private Owners,Kochi city bus,bus
r13957657,Kakkanad ↔ Kumbalam Railway Station,,,Private Owners,Kochi city bus,bus
r13957676,Kakkanad ↔ Pambayimoola,,,Private Owners,Kochi city bus,bus
r13957690,Kakkanad ↔ HMT Junction,,,Private Owners,Kochi city bus,bus
r13957732,Kaloor ↔ Cheppanam,,,Private Owners,Kochi city bus,bus
r13957760,Thrippoonithura ↔ Cheppanam,,,Private Owners,Kochi city bus,bus
r13957778,High Court ↔ Kakkanad CEPZ,,,Private Owners,Kochi city bus,bus
r13957779,High Court ↔ Irumpanam,,,Private Owners,Kochi city bus,bus
r13957787,Chittoor Ferry ↔ Ernakulam South,,,Private Owners,Kochi city bus,bus
r13957793,Elamakkara ↔ Thevara,,,Private Owners,Kochi city bus,bus
r13957801,Ponekkara ↔ Ernakulam South,,,Private Owners,Kochi city bus,bus
r13957809,Kannamaly ↔ Chellanam,,,Private Owners,Kochi city bus,bus
r13957896,Kandakkadavu ↔ Mattancherry,,,Private Owners,Kochi city bus,bus
r13957907,Kandakkadavu ↔ Thoppumpady,,,Private Owners,Kochi city bus,bus
r13957927,Chottanikkara ↔ Thrippoonithura,,,Private Owners,Kochi city bus,bus
r13957936,Kozhivettumveli ↔ Thrippoonithura,,,Private Owners,Kochi city bus,bus
r13957965,Karimugal ↔ Kaloor,,,Private Owners,Kochi city bus,bus
r13957988,Karimugal ↔ Thrippoonithura,,,Private Owners,Mofussil Kochi bus,bus
r13958030,Munambam ↔ Kakkanad,,,Private Owners,Mofussil Kochi bus,bus
r13958049,West Kadungalloor ↔ Pathalam,,,Private Owners,Mofussil Kochi bus,bus
r13958060,West Kadungalloor ↔ Kothad Ferry,,,Private Owners,Mofussil Kochi bus,bus
r13958093,Nadakkavu ↔ Kaloor,,,Private Owners,Mofussil Kochi bus,bus
r13958107,Nadakkavu ↔ Amrutha Hospital,,,Private Owners,Mofussil Kochi bus,bus
r13961434,Kozhivettumveli ↔ Kozhivettumveli (via Chottanikkara),,,Private Owners,Kochi city bus,bus
r13961485,Infopark ↔ Medical College,,,Private Owners,Kochi city bus,bus
r13961513,Thrippoonithura ↔ Medical College,,,Private Owners,Mofussil Kochi bus,bus
r13961523,Angamaly ↔ Chowara,,,Private Owners,Mofussil Kochi bus,bus
r13961533,Aluva ↔ Pukkattupady,,,Private Owners,Mofussil Kochi bus,bus
r13961618,Keezhmadu ↔ HMT Junction,,,Private Owners,Mofussil Kochi bus,bus
r13961664,Ernakulam South ↔ Chittoor Temple,,,Private Owners,Kochi city bus,bus
r13961671,Glass Factory ↔ Panangad,,,Private Owners,Kochi city bus,bus
r13961680,Glass Factory ↔ Chathamma,,,Private Owners,Kochi city bus,bus
r13961702,Pukkattupady ↔ Ernakulam South,,,Private Owners,Mofussil Kochi bus,bus
r13961707,High Court ↔ Piravom,,,KSRTC,Ordinary bus,bus
r13961738,Aluva ↔ Njarakkal,,,KSRTC,Ordinary bus,bus
r13961822,Kakkanad ↔ Chathamma (via Bypass),,,Private Owners,Kochi city bus,bus
r13961873,North Paravur ↔ Cherai,,,Private Owners,Mofussil Kochi bus,bus
r13968495,Ernakulam South ↔ Ponekkara,,,Private Owners,Mofussil Kochi bus,bus
r13981857,High Court ↔ Aluva,,,KSRTC,Ordinary bus,bus
r13981896,High Court ↔ Aluva (via Eloor),,,KSRTC,Ordinary bus,bus
r13981912,Aluva ↔ Fort Kochi,,,KSRTC,Ordinary bus,bus
r13981927,Fort Kochi ↔ Kakkanad,,,KSRTC,Ordinary bus,bus
r13982061,Kaloor ↔ North Paravur,,,KSRTC,Ordinary bus,bus
r13982100,Aluva ↔ Kaloor,,,KSRTC,Ordinary bus,bus
r13982117,Aluva ↔ Pathalam,,,KSRTC,Ordinary bus,bus
r13982150,Aluva ↔ Piravom,,,KSRTC,Ordinary bus,bus
r13982207,Ankamaly ↔ Vyttila,,,KSRTC,Ordinary bus,bus
